model,protein,spearman_rho
ESMC_300M,POLG,-0.05504435673773192
ESMC_300M,GCN4,0.46711790921007085
ESMC_300M,HCP,0.6558062879206515
ESMC_300M,SOX30,0.2861617255966012
ESMC_300M,PA,0.018705410334839977
ESMC_300M,SCN5A,0.22386500375298024
ESMC_300M,HEM3,0.4060673540125507
ESMC_300M,SPIKE,0.004484076736583731
ESMC_300M,MBD11,0.6015722526892241
ESMC_300M,A0A192B1T2,0.4798486713062679
ESMC_300M,BBC1,0.5549164968938598
ESMC_300M,P53,0.46334029603902466
ESMC_300M,PABP,0.6872434098278105
ESMC_300M,B2L11,0.1617410241146418
ESMC_300M,VKOR1,0.4474640239056474
ESMC_300M,DNJA1,0.42261372547429665
ESMC_300M,RS15,0.3726411588991097
ESMC_300M,RNC,0.6117786775492544
ESMC_300M,CCR5,0.34971519272171625
ESMC_300M,NPC1,0.6487330202394781
ESMC_300M,HIS7,0.05926269017259663
ESMC_300M,Q2N0S5,0.511573292652001
ESMC_300M,A0A140D2T1,-0.04903676334455786
ESMC_300M,VILI,0.6257150858088721
ESMC_300M,MET,0.5826441436125331
ESMC_300M,AMFR,0.5797063669928836
ESMC_300M,RASH,0.42325099545166783
ESMC_300M,PR40A,0.5224458764667221
ESMC_300M,SRBS1,0.6488792899907885
ESMC_300M,NUD15,0.6567414143585545
ESMC_300M,GAL4,0.43587775475644625
ESMC_300M,RPC1,0.12072852936777961
ESMC_300M,OBSCN,0.6967236827383376
ESMC_300M,CSN4,0.4821334410050011
ESMC_300M,Q837P5,0.33492164673369357
ESMC_300M,CAPSD,0.22674228489784473
ESMC_300M,ENV,
ESMC_300M,YAIA,0.35885006963137384
ESMC_300M,LYAM1,0.3231572803430438
ESMC_300M,PSAE,0.4597192583549244
ESMC_300M,CCDB,0.47608078128950165
ESMC_300M,SPG1,0.2843109626625504
ESMC_300M,PIN1,0.641594357013618
ESMC_300M,CAR11,0.2830508852767021
ESMC_300M,PITX2,0.39561458195858945
ESMC_300M,ANCSZ,0.5917969713156855
ESMC_300M,P53,0.48305333727899785
ESMC_300M,HXK4,0.39451843818503507
ESMC_300M,SRC,0.4723408345986429
ESMC_300M,BCHB,0.3621139959901905
ESMC_300M,F7YBW8,0.3121442476461165
ESMC_300M,TRPC,0.6282205219031829
ESMC_300M,POLG,-0.04466234199618507
ESMC_300M,SC6A4,0.5516127343033862
ESMC_300M,DLG4,0.5703387220915669
ESMC_300M,SPG2,0.18025694606544454
ESMC_300M,HSP82,0.4932860181559135
ESMC_300M,YNZC,0.416386550639046
ESMC_300M,DYR,0.5013081822227242
ESMC_300M,HSP82,0.3760874791354706
ESMC_300M,PTEN,0.5545681427004951
ESMC_300M,SQSTM,0.570573620407339
ESMC_300M,RASK,0.5236242488955014
ESMC_300M,BLAT,0.5106976168980771
ESMC_300M,ADRB2,0.539476410940472
ESMC_300M,SYUA,0.18225325727042654
ESMC_300M,PPARG,0.5723181375802193
ESMC_300M,NUSG,0.5021119901324677
ESMC_300M,OXDA,0.3338593102651591
ESMC_300M,SUMO1,0.38661095980669474
ESMC_300M,PKN1,0.5206354509288222
ESMC_300M,MTHR,0.4770075468524956
ESMC_300M,BRCA2,0.437132878440618
ESMC_300M,RAF1,0.47264307624726115
ESMC_300M,RASK,0.04867629986823737
ESMC_300M,UBE4B,
ESMC_300M,RFAH,0.3735879314829834
ESMC_300M,A0A2Z5U3Z0,0.0509378397451545
ESMC_300M,TCRG1,0.7406601079969697
ESMC_300M,VRPI,0.6266283574056732
ESMC_300M,VKOR1,0.41450238007835705
ESMC_300M,PHOT,0.6488108708744034
ESMC_300M,C6KNH7,-0.008007774927525397
ESMC_300M,GRB2,0.6975824462298402
ESMC_300M,NKX31,0.3693405619480289
ESMC_300M,RCD1,0.45770871149111625
ESMC_300M,CALM1,0.2702265552644956
ESMC_300M,SBI,0.5719253471641155
ESMC_300M,YAP1,0.5287277030197403
ESMC_300M,SERC,0.5478541413212409
ESMC_300M,TPOR,0.3134934106991996
ESMC_300M,KCNH2,0.4366866661599719
ESMC_300M,OTC,0.525164102857732
ESMC_300M,AMIE,0.4565399849683926
ESMC_300M,CAS9,0.16548328285151812
ESMC_300M,Q837P4,0.5122655941072796
ESMC_300M,UBC9,0.49810518636071277
ESMC_300M,HSP82,0.38255412847723946
ESMC_300M,SPIKE,-0.038466316863376135
ESMC_300M,HXK4,0.5046876649033308
ESMC_300M,CCDB,0.54257024145917
ESMC_300M,TPK1,0.27191602784189867
ESMC_300M,FECA,0.5734155839366056
ESMC_300M,NUSA,0.5597220694015909
ESMC_300M,RPC1,0.06071418249575588
ESMC_300M,CASP3,0.659320948371705
ESMC_300M,KCNE1,0.07786759705169226
ESMC_300M,ILF3,0.3962913276664224
ESMC_300M,F7YBW8,0.35686782508562304
ESMC_300M,SCIN,0.30040999306803856
ESMC_300M,RL20,0.35831889533944905
ESMC_300M,REV,0.14675026251372755
ESMC_300M,CASP7,0.6481645201328385
ESMC_300M,CUE1,0.45628171356910463
ESMC_300M,ERBB2,0.46552593989705277
ESMC_300M,A4,
ESMC_300M,DN7A,0.2802890768039291
ESMC_300M,CBPA2,0.4862542923844195
ESMC_300M,VG08,0.5597530423288697
ESMC_300M,Q8WTC7,-0.020333449239430493
ESMC_300M,ESTA,0.3395661988591545
ESMC_300M,LGK,0.41822548076026733
ESMC_300M,SAV1,0.6868357849821881
ESMC_300M,DLG4,0.485260019320784
ESMC_300M,Q59976,0.6523283728706287
ESMC_300M,MAFG,0.4720526508268088
ESMC_300M,A0A2Z5U3Z0,0.09262198846259914
ESMC_300M,D7PM05,-0.012567833106112524
ESMC_300M,UBE4B,0.4601354674653129
ESMC_300M,AACC1,0.5188435548013548
ESMC_300M,KCNJ2,0.3646970431639192
ESMC_300M,DYR,0.5320186795808571
ESMC_300M,KCNJ2,0.32956272869036823
ESMC_300M,PPM1D,0.6131721031846697
ESMC_300M,RCRO,0.5030757478783661
ESMC_300M,CBS,0.39364339811356364
ESMC_300M,GFP,0.05782415231071262
ESMC_300M,A0A247D711,0.09418452304174817
ESMC_300M,ISDH,0.3435725501429718
ESMC_300M,RBP1,0.5370269865541437
ESMC_300M,CD19,0.06126493017955725
ESMC_300M,MYO3,0.5724144896319349
ESMC_300M,PAI1,0.46178068006752243
ESMC_300M,TADBP,-0.014115378698895144
ESMC_300M,Q53Z42,0.3039126209877287
ESMC_300M,RL40A,0.4498598192672533
ESMC_300M,CBX4,0.608013949806716
ESMC_300M,PRKN,0.42492241480771603
ESMC_300M,BRCA1,0.5169247776581126
ESMC_300M,SRC,0.4657459379709888
ESMC_300M,RDRP,0.07363318398314948
ESMC_300M,RL40A,0.33180995419396114
ESMC_300M,ACE2,0.23041302908305691
ESMC_300M,MK01,0.19602721596746214
ESMC_300M,THO1,0.5335202335592437
ESMC_300M,P84126,0.6148912498793295
ESMC_300M,S22A1,0.512941116632155
ESMC_300M,NPC1,0.6534351230876202
ESMC_300M,NCAP,0.023940773826668937
ESMC_300M,I6TAH8,0.00822877747551753
ESMC_300M,MLAC,0.37731234529509616
ESMC_300M,GDIA,0.45896263575292584
ESMC_300M,P53,0.6884070317812956
ESMC_300M,BLAT,0.7083371322424243
ESMC_300M,TRPC,0.010864930937533145
ESMC_300M,TNKS2,0.5892171062079363
ESMC_300M,POLG,
ESMC_300M,P53,0.44255711879192855
ESMC_300M,SPG1,0.5752218530236646
ESMC_300M,S22A1,0.6019458695898763
ESMC_300M,SDA,0.6333481323426096
ESMC_300M,RPC1,0.6946291147436637
ESMC_300M,OTU7A,0.6328921178954156
ESMC_300M,SRC,0.5510530734433368
ESMC_300M,Q53Z42,0.5194588929285523
ESMC_300M,RL40A,0.3978844303355271
ESMC_300M,EPHB2,0.6501672964634825
ESMC_300M,NRAM,-0.06803187272939692
ESMC_300M,KCNE1,0.6076566027154947
ESMC_300M,CAR11,0.4389644462259084
ESMC_300M,BLAT,0.7069094382692751
ESMC_300M,A4D664,0.03287210585129426
ESMC_300M,BLAT,0.6776419612005755
ESMC_300M,PTEN,0.4797385202604633
ESMC_300M,DOCK1,0.6277551714776026
ESMC_300M,POLG,0.06228736361998399
ESMC_300M,RAD,0.27390215451583305
ESMC_300M,GLPA,0.449603382741013
ESMC_300M,HECD1,0.7043585096437984
ESMC_300M,MSH2,0.3853571705892285
ESMC_300M,SPA,0.09075587378245958
ESMC_300M,TPMT,0.5612437701618673
ESMC_300M,TAT,0.4509519974504793
ESMC_300M,MTH3,0.6428647030094112
ESMC_300M,OXDA,0.3590794670910892
ESMC_300M,SR43C,0.6368855174720479
ESMC_300M,R1AB,-0.0414255946079619
ESMC_300M,OPSD,0.5061624999459522
ESMC_300M,CP2C9,0.6341102400133687
ESMC_300M,CATR,0.34120310709288115
ESMC_300M,IF1,0.5458190411629215
ESMC_300M,ENV,-0.1831040157418806
ESMC_300M,HMDH,0.48962013690679357
ESMC_300M,A0A1I9GEU1,0.05956424471921691
ESMC_300M,SPTN1,0.5943355058850491
ESMC_300M,KKA2,0.6521483512266464
ESMC_300M,Q6WV12,0.023271405682372712
ESMC_300M,RD23A,0.5410804883369811
ESMC_300M,UBR5,0.44195132325671976
ESMC_300M,FKBP3,0.1577674761871971
ESMC_300M,ARGR,0.5865919800107641
ESMC_300M,SHOC2,0.2881379219200247
ESMC_300M,ODP2,0.43534080658829505
ESMC_300M,ENVZ,0.18045606467351988
ESMC_300M,CP2C9,0.6087001714644378
ESMC_300M,AICDA,0.2905407546444182
ESMC_300M,A4GRB6,0.6796682807412135
ESMC_600M,POLG,-0.09664876282564475
ESMC_600M,GCN4,0.6241016299776443
ESMC_600M,HCP,0.6797014780819737
ESMC_600M,SOX30,0.25071811638314007
ESMC_600M,PA,-0.005325981996212332
ESMC_600M,SCN5A,0.127719565178243
ESMC_600M,HEM3,0.39968449509768944
ESMC_600M,SPIKE,0.018517025352903026
ESMC_600M,MBD11,0.4990435824732354
ESMC_600M,A0A192B1T2,0.4600234353865693
ESMC_600M,BBC1,0.5402023075167476
ESMC_600M,P53,0.4610627881520049
ESMC_600M,PABP,0.7235757279856564
ESMC_600M,B2L11,0.03767295706688951
ESMC_600M,VKOR1,0.45906973413077806
ESMC_600M,DNJA1,0.3675298932507728
ESMC_600M,RS15,0.3522526624778765
ESMC_600M,RNC,0.6271890956926688
ESMC_600M,CCR5,0.3526913842813202
ESMC_600M,NPC1,0.593985279823352
ESMC_600M,HIS7,0.03409963124619956
ESMC_600M,Q2N0S5,0.49560952116581364
ESMC_600M,A0A140D2T1,-0.035013082412074174
ESMC_600M,VILI,0.6360023616843021
ESMC_600M,MET,0.597637387302443
ESMC_600M,AMFR,0.5330867383322417
ESMC_600M,RASH,0.3643999418278701
ESMC_600M,PR40A,0.5000749856893765
ESMC_600M,SRBS1,0.6437786339576227
ESMC_600M,NUD15,0.6528596642528773
ESMC_600M,GAL4,0.5525153021532703
ESMC_600M,RPC1,0.12913924753257908
ESMC_600M,OBSCN,0.7197624989956002
ESMC_600M,CSN4,0.4721529240273978
ESMC_600M,Q837P5,0.3648046703462216
ESMC_600M,CAPSD,0.21724705461213695
ESMC_600M,ENV,0.014572137212821688
ESMC_600M,YAIA,0.4948930998466919
ESMC_600M,LYAM1,0.3426137275002017
ESMC_600M,PSAE,0.39021321786792146
ESMC_600M,CCDB,0.47371353103931063
ESMC_600M,SPG1,0.27207440814038636
ESMC_600M,PIN1,0.6374706860080372
ESMC_600M,CAR11,0.30544255358199573
ESMC_600M,PITX2,0.3764924723393136
ESMC_600M,ANCSZ,0.5608348739302932
ESMC_600M,P53,0.47610892353862994
ESMC_600M,HXK4,0.3972048805594028
ESMC_600M,SRC,0.46290928472498954
ESMC_600M,BCHB,0.4212168763020178
ESMC_600M,F7YBW8,0.4727294417952205
ESMC_600M,TRPC,0.6726579136015647
ESMC_600M,POLG,-0.03813430326843226
ESMC_600M,SC6A4,0.558759716885245
ESMC_600M,DLG4,0.5434606761701043
ESMC_600M,SPG2,0.21622336543344745
ESMC_600M,HSP82,0.4805462155722799
ESMC_600M,YNZC,0.3455814617777549
ESMC_600M,DYR,0.509498506816952
ESMC_600M,HSP82,0.38751305439870587
ESMC_600M,PTEN,0.543571780225337
ESMC_600M,SQSTM,0.5813400071015314
ESMC_600M,RASK,0.5023871013624993
ESMC_600M,BLAT,0.5279661275330574
ESMC_600M,ADRB2,0.5493701746569314
ESMC_600M,SYUA,0.1855542569031751
ESMC_600M,PPARG,0.633594099367982
ESMC_600M,NUSG,0.5025111380447748
ESMC_600M,OXDA,0.34869804999043824
ESMC_600M,SUMO1,0.371877226464749
ESMC_600M,PKN1,0.36167942046245194
ESMC_600M,MTHR,0.3265455843946583
ESMC_600M,BRCA2,0.480959848967555
ESMC_600M,RAF1,0.45058257891155423
ESMC_600M,RASK,0.0563588808594677
ESMC_600M,UBE4B,0.6264923620389409
ESMC_600M,RFAH,0.3960362231382677
ESMC_600M,A0A2Z5U3Z0,0.057708056568378546
ESMC_600M,TCRG1,0.742508662711319
ESMC_600M,VRPI,0.6357113724183707
ESMC_600M,VKOR1,0.4352862148412559
ESMC_600M,PHOT,0.6590136924782052
ESMC_600M,C6KNH7,-0.010326655951621801
ESMC_600M,GRB2,0.6179290277779731
ESMC_600M,NKX31,0.3658201841044006
ESMC_600M,RCD1,0.48801395043715756
ESMC_600M,CALM1,0.25061000089698143
ESMC_600M,SBI,0.574852781664149
ESMC_600M,YAP1,0.43169539323244016
ESMC_600M,SERC,0.5841366165361311
ESMC_600M,TPOR,0.2981002252423917
ESMC_600M,KCNH2,0.38593180567621166
ESMC_600M,OTC,0.5829506443706111
ESMC_600M,AMIE,0.5024002466273347
ESMC_600M,CAS9,0.1737007816355266
ESMC_600M,Q837P4,0.5210158578958878
ESMC_600M,UBC9,0.4950772530681538
ESMC_600M,HSP82,0.41522291450432
ESMC_600M,SPIKE,-0.02037297796805677
ESMC_600M,HXK4,0.5197802582344729
ESMC_600M,CCDB,0.5356680196958797
ESMC_600M,TPK1,0.3038315395722834
ESMC_600M,FECA,0.5653568287213508
ESMC_600M,NUSA,0.47003038464252406
ESMC_600M,RPC1,0.09453117387915307
ESMC_600M,CASP3,0.6613232821464767
ESMC_600M,KCNE1,0.07777485989775919
ESMC_600M,ILF3,0.4147105555463751
ESMC_600M,F7YBW8,0.347058518239651
ESMC_600M,SCIN,0.3180000024752776
ESMC_600M,RL20,0.3693853884042028
ESMC_600M,REV,0.3909449737124079
ESMC_600M,CASP7,0.6598517721456396
ESMC_600M,CUE1,0.5006178339109764
ESMC_600M,ERBB2,0.47716486310720285
ESMC_600M,A4,
ESMC_600M,DN7A,0.30670764390752714
ESMC_600M,CBPA2,0.44298994051095264
ESMC_600M,VG08,0.575899831454741
ESMC_600M,Q8WTC7,-0.03667705178159166
ESMC_600M,ESTA,0.31449671207585805
ESMC_600M,LGK,0.4110645942005695
ESMC_600M,SAV1,0.6632443096700239
ESMC_600M,DLG4,0.4097205697218696
ESMC_600M,Q59976,0.6570007866359946
ESMC_600M,MAFG,0.5718322819742362
ESMC_600M,A0A2Z5U3Z0,0.08835872531792748
ESMC_600M,D7PM05,-0.014770417635607174
ESMC_600M,UBE4B,
ESMC_600M,AACC1,0.5001794765783174
ESMC_600M,KCNJ2,0.38274017474173316
ESMC_600M,DYR,0.5186688511552924
ESMC_600M,KCNJ2,0.3103655164906372
ESMC_600M,PPM1D,0.6178743861735332
ESMC_600M,RCRO,0.482286572166516
ESMC_600M,CBS,0.3937141364492798
ESMC_600M,GFP,0.07177299577502737
ESMC_600M,A0A247D711,0.11540284660071974
ESMC_600M,ISDH,0.2881120571914221
ESMC_600M,RBP1,0.5973052510876922
ESMC_600M,CD19,0.05517898344135256
ESMC_600M,MYO3,0.552604111846129
ESMC_600M,PAI1,0.4673021486592743
ESMC_600M,TADBP,0.08667218369823207
ESMC_600M,Q53Z42,0.33304841845002336
ESMC_600M,RL40A,0.42397986040389846
ESMC_600M,CBX4,0.5579374727755693
ESMC_600M,PRKN,0.5865295264940568
ESMC_600M,BRCA1,0.5430274386717248
ESMC_600M,SRC,0.4584432492954865
ESMC_600M,RDRP,0.08231741980913898
ESMC_600M,RL40A,0.291057834252903
ESMC_600M,ACE2,0.28308709803844306
ESMC_600M,MK01,0.1579960905442716
ESMC_600M,THO1,0.5178664468960411
ESMC_600M,P84126,0.6377175632894577
ESMC_600M,S22A1,0.557622066911084
ESMC_600M,NPC1,0.6938077274263749
ESMC_600M,NCAP,0.03077901640323341
ESMC_600M,I6TAH8,0.021197260610230816
ESMC_600M,MLAC,0.4340921652512735
ESMC_600M,GDIA,0.4702037624172831
ESMC_600M,P53,0.6970027800120552
ESMC_600M,BLAT,0.7396943614707625
ESMC_600M,TRPC,0.028667838911259413
ESMC_600M,TNKS2,0.6002436846087832
ESMC_600M,POLG,
ESMC_600M,P53,0.4402423903337103
ESMC_600M,SPG1,0.5794414414006888
ESMC_600M,S22A1,0.6213885732851302
ESMC_600M,SDA,0.6555694404689935
ESMC_600M,RPC1,0.6385707238925487
ESMC_600M,OTU7A,0.6690404834879191
ESMC_600M,SRC,0.5364713837568557
ESMC_600M,Q53Z42,0.5329882869750091
ESMC_600M,RL40A,0.3895302948189005
ESMC_600M,EPHB2,0.6252461436177432
ESMC_600M,NRAM,-0.07026861089266423
ESMC_600M,KCNE1,0.5647695070219038
ESMC_600M,CAR11,0.46570487544344746
ESMC_600M,BLAT,0.7361440865641488
ESMC_600M,A4D664,0.04459557974633258
ESMC_600M,BLAT,0.7062683641617682
ESMC_600M,PTEN,0.4560293602642341
ESMC_600M,DOCK1,0.6557931974433837
ESMC_600M,POLG,0.06773648795958609
ESMC_600M,RAD,0.25579301474376537
ESMC_600M,GLPA,0.47746326904930203
ESMC_600M,HECD1,0.7433268673015381
ESMC_600M,MSH2,0.38974348130063907
ESMC_600M,SPA,0.2036351127077135
ESMC_600M,TPMT,0.5607497048023429
ESMC_600M,TAT,-0.031158732104047134
ESMC_600M,MTH3,0.6634881935940804
ESMC_600M,OXDA,0.37878264074521745
ESMC_600M,SR43C,0.6871567258261524
ESMC_600M,R1AB,0.012646062193500037
ESMC_600M,OPSD,0.4659651179677452
ESMC_600M,CP2C9,0.6220621234482369
ESMC_600M,CATR,0.314362844873176
ESMC_600M,IF1,0.5860160219961921
ESMC_600M,ENV,0.3174752135675197
ESMC_600M,HMDH,0.43291250316406954
ESMC_600M,A0A1I9GEU1,0.051430063677038985
ESMC_600M,SPTN1,0.5965017142731213
ESMC_600M,KKA2,0.6491779289346066
ESMC_600M,Q6WV12,0.0156790920870809
ESMC_600M,RD23A,0.492798848493566
ESMC_600M,UBR5,0.45762748735068
ESMC_600M,FKBP3,0.16739694820987652
ESMC_600M,ARGR,0.5340265505756515
ESMC_600M,SHOC2,0.29523565490172027
ESMC_600M,ODP2,0.4678633067528415
ESMC_600M,ENVZ,0.16199941378293883
ESMC_600M,CP2C9,0.593062890285078
ESMC_600M,AICDA,0.2764537840602468
ESMC_600M,A4GRB6,0.7152107419940718
AMPLIFY_350M,POLG,0.07486082566720782
AMPLIFY_350M,GCN4,0.4154411764705882
AMPLIFY_350M,HCP,0.5315026107713602
AMPLIFY_350M,SOX30,0.23080562972731855
AMPLIFY_350M,PA,-0.16256380897857925
AMPLIFY_350M,HEM3,0.38453920441611533
AMPLIFY_350M,SPIKE,0.01761450540697785
AMPLIFY_350M,MBD11,0.49518779661745604
AMPLIFY_350M,A0A192B1T2,0.4614214360279908
AMPLIFY_350M,BBC1,0.47705907021923016
AMPLIFY_350M,P53,0.3624705336438501
AMPLIFY_350M,PABP,0.6573554785614143
AMPLIFY_350M,B2L11,0.26146518401817287
AMPLIFY_350M,VKOR1,0.44434102469310477
AMPLIFY_350M,DNJA1,0.5049363695385335
AMPLIFY_350M,RS15,0.3399917542963134
AMPLIFY_350M,RNC,0.4099143342217234
AMPLIFY_350M,CCR5,0.2757791797230337
AMPLIFY_350M,NPC1,0.7352630568356375
AMPLIFY_350M,HIS7,0.03910194598629149
AMPLIFY_350M,Q2N0S5,0.2032403182390321
AMPLIFY_350M,VILI,0.2637382519485095
AMPLIFY_350M,MET,0.5470938920562072
AMPLIFY_350M,AMFR,0.22902668961906653
AMPLIFY_350M,RASH,0.29154473230892136
AMPLIFY_350M,PR40A,0.4521334794334319
AMPLIFY_350M,SRBS1,0.564329745788932
AMPLIFY_350M,NUD15,0.5713453347758755
AMPLIFY_350M,GAL4,0.44546400695066446
AMPLIFY_350M,RPC1,0.1396682459234876
AMPLIFY_350M,OBSCN,0.5783982229045229
AMPLIFY_350M,CSN4,0.5597227963741193
AMPLIFY_350M,Q837P5,0.2949311834944256
AMPLIFY_350M,CAPSD,0.5118511450183956
AMPLIFY_350M,ENV,
AMPLIFY_350M,YAIA,0.3841303734674199
AMPLIFY_350M,LYAM1,0.35116713812726935
AMPLIFY_350M,PSAE,0.28551086570629225
AMPLIFY_350M,CCDB,0.2628159174158885
AMPLIFY_350M,SPG1,0.21047031907951957
AMPLIFY_350M,PIN1,0.686079476893234
AMPLIFY_350M,CAR11,0.23874397865895106
AMPLIFY_350M,PITX2,0.49400615951624266
AMPLIFY_350M,ANCSZ,0.48854540140448843
AMPLIFY_350M,P53,0.3654020668605883
AMPLIFY_350M,HXK4,0.26943447561588396
AMPLIFY_350M,SRC,0.13948842649831242
AMPLIFY_350M,BCHB,0.06939465389434425
AMPLIFY_350M,F7YBW8,0.35324798482693215
AMPLIFY_350M,TRPC,0.619197090367496
AMPLIFY_350M,POLG,0.09840072658347813
AMPLIFY_350M,SC6A4,0.49868538562133746
AMPLIFY_350M,DLG4,0.22638189860696548
AMPLIFY_350M,SPG2,0.22964487348661325
AMPLIFY_350M,HSP82,0.5125769768367289
AMPLIFY_350M,YNZC,0.49809926069310606
AMPLIFY_350M,DYR,0.25332174065063995
AMPLIFY_350M,HSP82,0.39082242320622845
AMPLIFY_350M,PTEN,0.44456262541266867
AMPLIFY_350M,SQSTM,0.34560903119923286
AMPLIFY_350M,RASK,0.3827883226682666
AMPLIFY_350M,BLAT,0.24787677370466984
AMPLIFY_350M,ADRB2,0.45242390909511815
AMPLIFY_350M,SYUA,0.2253032956848212
AMPLIFY_350M,PPARG,0.5437060738118378
AMPLIFY_350M,NUSG,0.5957094415625818
AMPLIFY_350M,OXDA,0.292554439693271
AMPLIFY_350M,SUMO1,0.3520909616435242
AMPLIFY_350M,PKN1,0.38960019029345344
AMPLIFY_350M,MTHR,0.28774102840694765
AMPLIFY_350M,RAF1,0.27914851248902034
AMPLIFY_350M,RASK,0.14426309343916105
AMPLIFY_350M,UBE4B,0.575758024118257
AMPLIFY_350M,RFAH,0.11997275953291053
AMPLIFY_350M,A0A2Z5U3Z0,0.45890988822553597
AMPLIFY_350M,TCRG1,0.6940413501716453
AMPLIFY_350M,VRPI,0.4207995035932569
AMPLIFY_350M,VKOR1,0.432406639852965
AMPLIFY_350M,PHOT,0.6269191657974928
AMPLIFY_350M,C6KNH7,0.271796365712401
AMPLIFY_350M,GRB2,0.63205948709816
AMPLIFY_350M,NKX31,0.5161580075492952
AMPLIFY_350M,RCD1,0.25852917589341884
AMPLIFY_350M,CALM1,0.2647028140108122
AMPLIFY_350M,SBI,0.31593764486164594
AMPLIFY_350M,YAP1,0.10470701637600884
AMPLIFY_350M,SERC,0.5007907892417367
AMPLIFY_350M,TPOR,0.36547881468610643
AMPLIFY_350M,KCNH2,0.314142353558839
AMPLIFY_350M,OTC,0.5457209382205866
AMPLIFY_350M,AMIE,0.5479501476104122
AMPLIFY_350M,CAS9,0.18207208921878337
AMPLIFY_350M,Q837P4,0.45015432040383746
AMPLIFY_350M,UBC9,0.3734948996239301
AMPLIFY_350M,HSP82,0.4140352685529194
AMPLIFY_350M,SPIKE,-0.007988674167322322
AMPLIFY_350M,HXK4,0.40237177054935974
AMPLIFY_350M,CCDB,0.3319840011278741
AMPLIFY_350M,TPK1,0.330955694036696
AMPLIFY_350M,FECA,0.38016771517912995
AMPLIFY_350M,NUSA,0.33709567356031483
AMPLIFY_350M,RPC1,0.0881255202342608
AMPLIFY_350M,CASP3,0.58922481843268
AMPLIFY_350M,KCNE1,0.08874861846012318
AMPLIFY_350M,ILF3,0.29998895256853547
AMPLIFY_350M,F7YBW8,0.17301922175339898
AMPLIFY_350M,SCIN,0.31189227914086504
AMPLIFY_350M,RL20,0.33632474926553224
AMPLIFY_350M,REV,0.2274609950942917
AMPLIFY_350M,CASP7,0.5911809700086447
AMPLIFY_350M,CUE1,0.26090856523340317
AMPLIFY_350M,ERBB2,0.23997966843444432
AMPLIFY_350M,A4,
AMPLIFY_350M,DN7A,0.1329621988339464
AMPLIFY_350M,CBPA2,0.46063552620537634
AMPLIFY_350M,VG08,0.5048565835370789
AMPLIFY_350M,Q8WTC7,0.0009124398616269573
AMPLIFY_350M,ESTA,0.28623699191041646
AMPLIFY_350M,LGK,0.581138874187021
AMPLIFY_350M,SAV1,0.5997599587230202
AMPLIFY_350M,DLG4,0.2239545422741917
AMPLIFY_350M,Q59976,0.6695900240490059
AMPLIFY_350M,MAFG,0.49409240998789
AMPLIFY_350M,A0A2Z5U3Z0,0.4739500630957014
AMPLIFY_350M,D7PM05,-0.0157750986621831
AMPLIFY_350M,UBE4B,
AMPLIFY_350M,AACC1,0.46472571372500004
AMPLIFY_350M,KCNJ2,0.3032644129481548
AMPLIFY_350M,DYR,0.17993572106125652
AMPLIFY_350M,KCNJ2,0.2338046587475233
AMPLIFY_350M,PPM1D,0.48059261220814986
AMPLIFY_350M,RCRO,0.45548215180659746
AMPLIFY_350M,CBS,0.3371297739426676
AMPLIFY_350M,GFP,0.021287146785199548
AMPLIFY_350M,A0A247D711,0.0893970675750213
AMPLIFY_350M,ISDH,0.270884821561374
AMPLIFY_350M,RBP1,0.4170961907449941
AMPLIFY_350M,CD19,0.22043116655286657
AMPLIFY_350M,MYO3,0.4309866299762659
AMPLIFY_350M,PAI1,0.33823276827764914
AMPLIFY_350M,TADBP,0.00446341220734909
AMPLIFY_350M,Q53Z42,0.12784810204143027
AMPLIFY_350M,RL40A,0.42249252306789403
AMPLIFY_350M,CBX4,0.47604357772104533
AMPLIFY_350M,PRKN,0.5414344350626508
AMPLIFY_350M,BRCA1,0.4424806767209589
AMPLIFY_350M,SRC,0.12606726507609298
AMPLIFY_350M,RDRP,0.46628680762575747
AMPLIFY_350M,RL40A,0.2682470153712993
AMPLIFY_350M,ACE2,0.16582120522365926
AMPLIFY_350M,MK01,0.0626976205452862
AMPLIFY_350M,THO1,0.44210056714182117
AMPLIFY_350M,P84126,0.5630842520192781
AMPLIFY_350M,S22A1,0.4572006882853109
AMPLIFY_350M,NPC1,0.7009582108569004
AMPLIFY_350M,NCAP,0.4155756472915754
AMPLIFY_350M,I6TAH8,0.28477369414106135
AMPLIFY_350M,MLAC,0.3645827084274121
AMPLIFY_350M,GDIA,0.40846971224039325
AMPLIFY_350M,P53,0.5234291809224381
AMPLIFY_350M,BLAT,0.29397664691562736
AMPLIFY_350M,TRPC,0.05672238101099497
AMPLIFY_350M,TNKS2,0.5511639881954117
AMPLIFY_350M,POLG,
AMPLIFY_350M,P53,0.3157823352143699
AMPLIFY_350M,SPG1,0.3684483937115516
AMPLIFY_350M,S22A1,0.5396648703315786
AMPLIFY_350M,SDA,0.42700807889605674
AMPLIFY_350M,RPC1,0.6730765436167527
AMPLIFY_350M,OTU7A,0.5149867344791531
AMPLIFY_350M,SRC,0.16388479147756843
AMPLIFY_350M,Q53Z42,0.3754934357702043
AMPLIFY_350M,RL40A,0.3704210839000779
AMPLIFY_350M,EPHB2,0.6374027909199895
AMPLIFY_350M,NRAM,0.5913588081665117
AMPLIFY_350M,KCNE1,0.5497789059683632
AMPLIFY_350M,CAR11,0.3640679004505174
AMPLIFY_350M,BLAT,0.30637676185921064
AMPLIFY_350M,A4D664,0.25568911657304
AMPLIFY_350M,BLAT,0.3146042206931494
AMPLIFY_350M,PTEN,0.3977201449514676
AMPLIFY_350M,DOCK1,0.6154450058630095
AMPLIFY_350M,POLG,-0.13804660270851415
AMPLIFY_350M,RAD,0.2736790665971797
AMPLIFY_350M,GLPA,0.37436698789871814
AMPLIFY_350M,HECD1,0.5726662515058567
AMPLIFY_350M,MSH2,0.28550372008636293
AMPLIFY_350M,SPA,0.07269789822981314
AMPLIFY_350M,TPMT,0.48999813405296805
AMPLIFY_350M,TAT,0.27479826529640494
AMPLIFY_350M,MTH3,0.6909187533745966
AMPLIFY_350M,OXDA,0.32489509873258354
AMPLIFY_350M,SR43C,0.5242839311803302
AMPLIFY_350M,R1AB,0.41256064127248504
AMPLIFY_350M,OPSD,0.5342638848075228
AMPLIFY_350M,CP2C9,0.5456696063939289
AMPLIFY_350M,CATR,0.37275704271072124
AMPLIFY_350M,IF1,0.472866253528031
AMPLIFY_350M,ENV,-0.09385592056867552
AMPLIFY_350M,HMDH,0.26723931721575356
AMPLIFY_350M,A0A1I9GEU1,0.023281869384768505
AMPLIFY_350M,SPTN1,0.47842449006171395
AMPLIFY_350M,KKA2,0.6557174394500177
AMPLIFY_350M,Q6WV12,0.03366976313927405
AMPLIFY_350M,RD23A,0.49515105408066445
AMPLIFY_350M,UBR5,0.3482742634979466
AMPLIFY_350M,FKBP3,0.17284831177857005
AMPLIFY_350M,ARGR,0.48169578972878724
AMPLIFY_350M,SHOC2,0.3564098058805765
AMPLIFY_350M,ODP2,0.16064107645761952
AMPLIFY_350M,ENVZ,0.1620481088903472
AMPLIFY_350M,CP2C9,0.5234729530014384
AMPLIFY_350M,AICDA,0.2932965672157945
AMPLIFY_350M,A4GRB6,0.7131803071836876
ISMC_300M,POLG,0.10983519844475821
ISMC_300M,GCN4,0.48853255454681993
ISMC_300M,HCP,0.7000800366884121
ISMC_300M,SOX30,0.3040715891491322
ISMC_300M,PA,-0.04861763642950052
ISMC_300M,SCN5A,0.13086268560588973
ISMC_300M,HEM3,0.4144570510187025
ISMC_300M,SPIKE,0.12552649234482818
ISMC_300M,MBD11,0.6347634016296118
ISMC_300M,A0A192B1T2,0.3057620558140244
ISMC_300M,BBC1,0.5084274567300437
ISMC_300M,P53,0.4814187759902442
ISMC_300M,PABP,0.6938003679980863
ISMC_300M,B2L11,0.17711724365478118
ISMC_300M,VKOR1,0.45897514193298156
ISMC_300M,DNJA1,0.536490428940046
ISMC_300M,RS15,0.3463420644934529
ISMC_300M,RNC,0.5636691797324828
ISMC_300M,CCR5,0.35518132604838903
ISMC_300M,NPC1,0.4815050909533371
ISMC_300M,HIS7,0.06531972376191111
ISMC_300M,Q2N0S5,0.3568354475080021
ISMC_300M,A0A140D2T1,-0.052035115583503426
ISMC_300M,VILI,0.6639371153670874
ISMC_300M,MET,0.5595882083338235
ISMC_300M,AMFR,0.5260599086498859
ISMC_300M,RASH,0.3817576463167182
ISMC_300M,PR40A,0.5696323304648527
ISMC_300M,SRBS1,0.6294635952626059
ISMC_300M,NUD15,0.6689611595808915
ISMC_300M,GAL4,0.4486443097150753
ISMC_300M,RPC1,0.06817612301368697
ISMC_300M,OBSCN,0.7131489297417738
ISMC_300M,CSN4,0.5271927411701013
ISMC_300M,Q837P5,0.34447802793383275
ISMC_300M,CAPSD,0.2584805649104328
ISMC_300M,ENV,
ISMC_300M,YAIA,0.2703357085655584
ISMC_300M,LYAM1,0.34457553958702286
ISMC_300M,PSAE,0.39320095736308464
ISMC_300M,CCDB,0.45070067590106705
ISMC_300M,SPG1,0.3685190366405702
ISMC_300M,PIN1,0.6863573434810833
ISMC_300M,CAR11,0.33390279848824705
ISMC_300M,PITX2,0.43817755738298303
ISMC_300M,ANCSZ,0.5836661267141485
ISMC_300M,P53,0.5252169970388311
ISMC_300M,HXK4,0.3958418086813849
ISMC_300M,SRC,0.4747842965293663
ISMC_300M,BCHB,0.4459917703064028
ISMC_300M,F7YBW8,0.3912683755218086
ISMC_300M,TRPC,0.629736150342781
ISMC_300M,POLG,0.008294078852687806
ISMC_300M,SC6A4,0.5519785065549647
ISMC_300M,DLG4,0.6126305321342437
ISMC_300M,SPG2,0.25642658429956144
ISMC_300M,HSP82,0.4964813005575317
ISMC_300M,YNZC,0.4797658607303045
ISMC_300M,DYR,0.447430952102433
ISMC_300M,HSP82,0.380421469781189
ISMC_300M,PTEN,0.555578958289292
ISMC_300M,SQSTM,0.6435555555905856
ISMC_300M,RASK,0.49380548295492604
ISMC_300M,BLAT,0.5158778641489481
ISMC_300M,ADRB2,0.5524459593354271
ISMC_300M,SYUA,0.20411172910302275
ISMC_300M,PPARG,0.6020048638871995
ISMC_300M,NUSG,0.5333076310979469
ISMC_300M,OXDA,0.3363208981326855
ISMC_300M,SUMO1,0.3421800259734016
ISMC_300M,PKN1,0.46388371311114146
ISMC_300M,MTHR,0.474361494701058
ISMC_300M,BRCA2,0.31256888927260335
ISMC_300M,RAF1,0.47156626865657564
ISMC_300M,RASK,0.10090442278577817
ISMC_300M,UBE4B,0.5937538835677166
ISMC_300M,RFAH,0.35547575097373174
ISMC_300M,A0A2Z5U3Z0,0.12849315476731782
ISMC_300M,TCRG1,0.6792262016493388
ISMC_300M,VRPI,0.5808666201159591
ISMC_300M,VKOR1,0.4355373081731743
ISMC_300M,PHOT,0.6371378652518919
ISMC_300M,C6KNH7,0.07489931755236656
ISMC_300M,GRB2,0.6928333252977524
ISMC_300M,NKX31,0.46392717093065294
ISMC_300M,RCD1,0.47726145249274404
ISMC_300M,CALM1,0.24851902460646014
ISMC_300M,SBI,0.3828353360669438
ISMC_300M,YAP1,0.5739456935718839
ISMC_300M,SERC,0.5384865780237769
ISMC_300M,TPOR,0.2998313066050888
ISMC_300M,KCNH2,0.3442061896578168
ISMC_300M,OTC,0.5499725569857331
ISMC_300M,AMIE,0.45133069249362656
ISMC_300M,CAS9,0.14145074701810556
ISMC_300M,Q837P4,0.561005331585765
ISMC_300M,UBC9,0.46215556926850226
ISMC_300M,HSP82,0.3435079795828874
ISMC_300M,SPIKE,0.06796889397355416
ISMC_300M,HXK4,0.5077442139077648
ISMC_300M,CCDB,0.518211860760829
ISMC_300M,TPK1,0.2673437067830823
ISMC_300M,FECA,0.5339199429247096
ISMC_300M,NUSA,0.5552970360902941
ISMC_300M,RPC1,0.03803302556716162
ISMC_300M,CASP3,0.5948589210197818
ISMC_300M,KCNE1,0.09785113181729665
ISMC_300M,ILF3,0.45876615161578355
ISMC_300M,F7YBW8,0.11241500895164876
ISMC_300M,SCIN,0.35365075212099195
ISMC_300M,RL20,0.38581051657956256
ISMC_300M,REV,0.11314721891509912
ISMC_300M,CASP7,0.6363029205641086
ISMC_300M,CUE1,0.3879710425177713
ISMC_300M,ERBB2,0.4942462752744372
ISMC_300M,A4,
ISMC_300M,DN7A,0.35327055632983395
ISMC_300M,CBPA2,0.5129562347864243
ISMC_300M,VG08,0.6175361147565488
ISMC_300M,Q8WTC7,0.3034736554504841
ISMC_300M,ESTA,0.376359862064561
ISMC_300M,LGK,0.4667679847348458
ISMC_300M,SAV1,0.5994907569819603
ISMC_300M,DLG4,0.464809368026999
ISMC_300M,Q59976,0.5969348308873029
ISMC_300M,MAFG,0.42157615414566413
ISMC_300M,A0A2Z5U3Z0,0.14866771995878728
ISMC_300M,D7PM05,0.37893370171302415
ISMC_300M,UBE4B,
ISMC_300M,AACC1,0.49870533589459687
ISMC_300M,KCNJ2,0.38421264718411163
ISMC_300M,DYR,0.4996242965025613
ISMC_300M,KCNJ2,0.3535989925973813
ISMC_300M,PPM1D,0.6156203246433932
ISMC_300M,RCRO,0.5340885472092862
ISMC_300M,CBS,0.39951721164021525
ISMC_300M,GFP,0.472437315494465
ISMC_300M,A0A247D711,0.06688823872628485
ISMC_300M,ISDH,0.3502385123351898
ISMC_300M,RBP1,0.5284589454607889
ISMC_300M,CD19,0.055820498089562263
ISMC_300M,MYO3,0.5281114481604132
ISMC_300M,PAI1,0.4723392581636428
ISMC_300M,TADBP,0.07304767881299833
ISMC_300M,Q53Z42,0.33236028693918807
ISMC_300M,RL40A,0.43793742008758285
ISMC_300M,CBX4,0.5700084088104084
ISMC_300M,PRKN,0.4930381032838078
ISMC_300M,BRCA1,0.4818427587378166
ISMC_300M,SRC,0.4844596302278386
ISMC_300M,RDRP,0.06955622308535103
ISMC_300M,RL40A,0.31990824528141837
ISMC_300M,ACE2,0.28395281140621903
ISMC_300M,MK01,0.1987905146776264
ISMC_300M,THO1,0.444326760877999
ISMC_300M,P84126,0.5897021082781663
ISMC_300M,S22A1,0.509236910647967
ISMC_300M,NPC1,0.6018641293592215
ISMC_300M,NCAP,0.03333156540652384
ISMC_300M,I6TAH8,0.008552889399867146
ISMC_300M,MLAC,0.34529713431327974
ISMC_300M,GDIA,0.4459423807967221
ISMC_300M,P53,0.6935785742339663
ISMC_300M,BLAT,0.7223844829087919
ISMC_300M,TRPC,-0.04420506806349387
ISMC_300M,TNKS2,0.5607150564189626
ISMC_300M,POLG,
ISMC_300M,P53,0.47411539456321977
ISMC_300M,SPG1,0.6426803829915656
ISMC_300M,S22A1,0.5971790670992162
ISMC_300M,SDA,0.6464136659936857
ISMC_300M,RPC1,0.6731773285857919
ISMC_300M,OTU7A,0.5453287880770913
ISMC_300M,SRC,0.5496009191013467
ISMC_300M,Q53Z42,0.5438485451859648
ISMC_300M,RL40A,0.3936243009763211
ISMC_300M,EPHB2,0.6740067646780356
ISMC_300M,NRAM,0.12465459528610608
ISMC_300M,KCNE1,0.6069275077544225
ISMC_300M,CAR11,0.4991625296438996
ISMC_300M,BLAT,0.7216342428107749
ISMC_300M,A4D664,0.0021503708746581436
ISMC_300M,BLAT,0.6812179781092977
ISMC_300M,PTEN,0.4830998785538397
ISMC_300M,DOCK1,0.596919958107393
ISMC_300M,POLG,-0.11542801497264293
ISMC_300M,RAD,0.2581187322284769
ISMC_300M,GLPA,0.48067509621411625
ISMC_300M,HECD1,0.7141831231121812
ISMC_300M,MSH2,0.4013745079599317
ISMC_300M,SPA,0.11775526605751568
ISMC_300M,TPMT,0.5611674011356231
ISMC_300M,TAT,0.1635813340138655
ISMC_300M,MTH3,0.5815970056461952
ISMC_300M,OXDA,0.3505800315875008
ISMC_300M,SR43C,0.5568468801366122
ISMC_300M,R1AB,0.13698611797458818
ISMC_300M,OPSD,0.5146694336158921
ISMC_300M,CP2C9,0.6743121852802227
ISMC_300M,CATR,0.3572203217576533
ISMC_300M,IF1,0.5070928284603983
ISMC_300M,ENV,-0.19021370750277794
ISMC_300M,HMDH,0.532943832573098
ISMC_300M,A0A1I9GEU1,0.06117633573646778
ISMC_300M,SPTN1,0.5760838826864868
ISMC_300M,KKA2,0.591399293743598
ISMC_300M,Q6WV12,0.13159697094711315
ISMC_300M,RD23A,0.5792510409204771
ISMC_300M,UBR5,0.4214772874674538
ISMC_300M,FKBP3,0.21867234021187745
ISMC_300M,ARGR,0.5597904446870228
ISMC_300M,SHOC2,0.30277329703480016
ISMC_300M,ODP2,0.5089443831932338
ISMC_300M,ENVZ,0.1859479086219552
ISMC_300M,CP2C9,0.631570194035376
ISMC_300M,AICDA,0.2811957545270888
ISMC_300M,A4GRB6,0.7026171564724332
ISMC_600M,POLG,-0.27595303065719
ISMC_600M,GCN4,0.5838977674117339
ISMC_600M,HCP,0.6615863448431002
ISMC_600M,SOX30,0.26452676692667
ISMC_600M,PA,0.03988972528435016
ISMC_600M,SCN5A,0.1469061957730899
ISMC_600M,HEM3,0.3976047426282196
ISMC_600M,SPIKE,0.4961442107064766
ISMC_600M,MBD11,0.48641094645196
ISMC_600M,A0A192B1T2,0.3036593694001944
ISMC_600M,BBC1,0.5259824319018997
ISMC_600M,P53,0.49087352596942213
ISMC_600M,PABP,0.6819850916237928
ISMC_600M,B2L11,0.12448609025040251
ISMC_600M,VKOR1,0.43431777156769
ISMC_600M,DNJA1,0.4002084157333532
ISMC_600M,RS15,0.3924261206213325
ISMC_600M,RNC,0.5890434120787065
ISMC_600M,CCR5,0.3684091768205169
ISMC_600M,NPC1,0.5727810321889865
ISMC_600M,HIS7,0.07213752998675438
ISMC_600M,Q2N0S5,0.32041098213368147
ISMC_600M,A0A140D2T1,-0.054937700523694934
ISMC_600M,VILI,0.6468743656588009
ISMC_600M,MET,0.5630271214699529
ISMC_600M,AMFR,0.4376912173368566
ISMC_600M,RASH,0.3568978541900351
ISMC_600M,PR40A,0.5701661103675967
ISMC_600M,SRBS1,0.5837473903457299
ISMC_600M,NUD15,0.6448115533961957
ISMC_600M,GAL4,0.5170705769237008
ISMC_600M,RPC1,0.5527077228179172
ISMC_600M,OBSCN,0.7189389924270081
ISMC_600M,CSN4,0.4228060131144594
ISMC_600M,Q837P5,0.34874166742607576
ISMC_600M,CAPSD,0.24816924768694643
ISMC_600M,ENV,0.3560590011073911
ISMC_600M,YAIA,0.1449519319518186
ISMC_600M,LYAM1,0.32142771406949144
ISMC_600M,PSAE,0.3808311902293067
ISMC_600M,CCDB,0.3209733893801333
ISMC_600M,SPG1,0.26953909365395873
ISMC_600M,PIN1,0.6691053645402283
ISMC_600M,CAR11,0.3458849077302015
ISMC_600M,PITX2,0.34761889017322295
ISMC_600M,ANCSZ,0.5629362691867839
ISMC_600M,P53,0.5634309224772281
ISMC_600M,HXK4,0.40396161215967424
ISMC_600M,SRC,0.44991036479286345
ISMC_600M,BCHB,0.4246445201971052
ISMC_600M,F7YBW8,0.32089694574927163
ISMC_600M,TRPC,0.6011388883078147
ISMC_600M,POLG,0.14187326518752316
ISMC_600M,SC6A4,0.5516073393455716
ISMC_600M,DLG4,0.5760064887324079
ISMC_600M,SPG2,0.35190146456240307
ISMC_600M,HSP82,0.5032589038192951
ISMC_600M,YNZC,0.4613432542147432
ISMC_600M,DYR,0.46904119685227846
ISMC_600M,HSP82,0.38338305313043314
ISMC_600M,PTEN,0.5439726494341603
ISMC_600M,SQSTM,0.5977267464061168
ISMC_600M,RASK,0.4988434818987459
ISMC_600M,BLAT,0.5278931157472525
ISMC_600M,ADRB2,0.5515949163762497
ISMC_600M,SYUA,0.23335691381707335
ISMC_600M,PPARG,0.6661218015042581
ISMC_600M,NUSG,0.5314906627654014
ISMC_600M,OXDA,0.33428261560885364
ISMC_600M,SUMO1,0.3967851887849137
ISMC_600M,PKN1,0.32758017094606107
ISMC_600M,MTHR,0.3713795422264577
ISMC_600M,BRCA2,0.4434790176858197
ISMC_600M,RAF1,0.44659186600587086
ISMC_600M,RASK,0.11210278895601435
ISMC_600M,UBE4B,
ISMC_600M,RFAH,0.3490622081791999
ISMC_600M,A0A2Z5U3Z0,0.1194793408116377
ISMC_600M,TCRG1,0.7139493607982591
ISMC_600M,VRPI,0.5908295562774013
ISMC_600M,VKOR1,0.4188988984741097
ISMC_600M,PHOT,0.6372697080455588
ISMC_600M,C6KNH7,0.08215897141004894
ISMC_600M,GRB2,0.7126211610928471
ISMC_600M,NKX31,0.3910585941400731
ISMC_600M,RCD1,0.47621688608594764
ISMC_600M,CALM1,0.24395122606618502
ISMC_600M,SBI,0.5188648441176488
ISMC_600M,YAP1,0.358491858572039
ISMC_600M,SERC,0.5628122592053448
ISMC_600M,TPOR,0.3510515138135261
ISMC_600M,KCNH2,0.32472762881555817
ISMC_600M,OTC,0.5757254374078478
ISMC_600M,AMIE,0.5128245577807513
ISMC_600M,CAS9,0.1585596351744456
ISMC_600M,Q837P4,0.5105620943292162
ISMC_600M,UBC9,0.45693280959018656
ISMC_600M,HSP82,0.40999356129973225
ISMC_600M,SPIKE,0.5285241735096788
ISMC_600M,HXK4,0.4946975349765402
ISMC_600M,CCDB,0.4384118976255162
ISMC_600M,TPK1,0.26895486852591316
ISMC_600M,FECA,0.5657079627381851
ISMC_600M,NUSA,0.5505120678892922
ISMC_600M,RPC1,0.568479720030713
ISMC_600M,CASP3,0.6381503150693814
ISMC_600M,KCNE1,0.09079277279265523
ISMC_600M,ILF3,0.4043301673343357
ISMC_600M,F7YBW8,0.33874740609102255
ISMC_600M,SCIN,0.44163192210229407
ISMC_600M,RL20,0.39129631026726597
ISMC_600M,REV,0.18689760542675868
ISMC_600M,CASP7,0.6425943208252936
ISMC_600M,CUE1,0.5761947644027733
ISMC_600M,ERBB2,0.49546466813323253
ISMC_600M,A4,0.46285800419412404
ISMC_600M,DN7A,0.21525248397297078
ISMC_600M,CBPA2,0.5682678857113065
ISMC_600M,VG08,0.6151284958930241
ISMC_600M,Q8WTC7,0.3457910724997179
ISMC_600M,ESTA,0.3731738820017017
ISMC_600M,LGK,0.4930765518906658
ISMC_600M,SAV1,0.6622128714171134
ISMC_600M,DLG4,0.5256538371032925
ISMC_600M,Q59976,0.6127003451207667
ISMC_600M,MAFG,0.6283458891590648
ISMC_600M,A0A2Z5U3Z0,0.16558488843118702
ISMC_600M,D7PM05,0.3853546776862161
ISMC_600M,UBE4B,0.4676138231401763
ISMC_600M,AACC1,0.5075565425527815
ISMC_600M,KCNJ2,0.37007955930079806
ISMC_600M,DYR,0.5087889294195601
ISMC_600M,KCNJ2,0.3297271397535841
ISMC_600M,PPM1D,0.6163555767272902
ISMC_600M,RCRO,0.5383680856326737
ISMC_600M,CBS,0.4072422965545498
ISMC_600M,GFP,0.5347027649549223
ISMC_600M,A0A247D711,0.09067400740315958
ISMC_600M,ISDH,0.27063866949116006
ISMC_600M,RBP1,0.6209207220828515
ISMC_600M,CD19,0.0711865670104119
ISMC_600M,MYO3,0.5278322024464035
ISMC_600M,PAI1,0.4643862945366807
ISMC_600M,TADBP,0.11440165753825551
ISMC_600M,Q53Z42,0.28475469441545365
ISMC_600M,RL40A,0.45209054429088846
ISMC_600M,CBX4,0.5762333693777966
ISMC_600M,PRKN,0.5572817043953983
ISMC_600M,BRCA1,0.520342832055308
ISMC_600M,SRC,0.4589612887629936
ISMC_600M,RDRP,0.0814569124371883
ISMC_600M,RL40A,0.27150902601770044
ISMC_600M,ACE2,0.289916616261158
ISMC_600M,MK01,0.1510575204578654
ISMC_600M,THO1,0.4932990911092789
ISMC_600M,P84126,0.5993396267751621
ISMC_600M,S22A1,0.5257355782759617
ISMC_600M,NPC1,0.6459630449218672
ISMC_600M,NCAP,0.030024637535990335
ISMC_600M,I6TAH8,0.016849342494732716
ISMC_600M,MLAC,0.38752432961781924
ISMC_600M,GDIA,0.45537443806785693
ISMC_600M,P53,0.6907379769712824
ISMC_600M,BLAT,0.7706433708334912
ISMC_600M,TRPC,-0.030431213693957907
ISMC_600M,TNKS2,0.6303508853306851
ISMC_600M,POLG,
ISMC_600M,P53,0.48311499528880814
ISMC_600M,SPG1,0.5658630872321726
ISMC_600M,S22A1,0.6075834948026596
ISMC_600M,SDA,0.6424392782992006
ISMC_600M,RPC1,0.07096117719676384
ISMC_600M,OTU7A,0.6200943075556388
ISMC_600M,SRC,0.5286601163358047
ISMC_600M,Q53Z42,0.5037088711084057
ISMC_600M,RL40A,0.38454398111095744
ISMC_600M,EPHB2,0.5649448505899746
ISMC_600M,NRAM,0.18867208097902924
ISMC_600M,KCNE1,0.533725304689085
ISMC_600M,CAR11,0.50356224717801
ISMC_600M,BLAT,0.7653291005289705
ISMC_600M,A4D664,0.02867652012520249
ISMC_600M,BLAT,0.7309972419957692
ISMC_600M,PTEN,0.47809986176786323
ISMC_600M,DOCK1,0.6179930313459778
ISMC_600M,POLG,-0.008595634584029913
ISMC_600M,RAD,0.2877377233374259
ISMC_600M,GLPA,0.3499912893700257
ISMC_600M,HECD1,0.7069315771069354
ISMC_600M,MSH2,0.3914361941532682
ISMC_600M,SPA,0.17512181280310615
ISMC_600M,TPMT,0.5543951313110833
ISMC_600M,TAT,-0.046977051462331956
ISMC_600M,MTH3,0.6411763940607074
ISMC_600M,OXDA,0.34811010034007783
ISMC_600M,SR43C,0.680035886204693
ISMC_600M,R1AB,0.16246604969625816
ISMC_600M,OPSD,0.49403602302801974
ISMC_600M,CP2C9,0.6395217379318431
ISMC_600M,CATR,0.31623371824002566
ISMC_600M,IF1,0.5292337287464134
ISMC_600M,ENV,-0.16234053423037342
ISMC_600M,HMDH,0.5051707341181352
ISMC_600M,A0A1I9GEU1,0.06237693626725507
ISMC_600M,SPTN1,0.6059457104143461
ISMC_600M,KKA2,0.6382546203982754
ISMC_600M,Q6WV12,0.19220448392544945
ISMC_600M,RD23A,0.5900661867893833
ISMC_600M,UBR5,0.5129961516407898
ISMC_600M,FKBP3,0.1717295849108257
ISMC_600M,ARGR,0.5593844519139826
ISMC_600M,SHOC2,0.3064059950590858
ISMC_600M,ODP2,0.5290653852179392
ISMC_600M,ENVZ,0.18475052993502514
ISMC_600M,CP2C9,0.6079372746723518
ISMC_600M,AICDA,0.3264842322272926
ISMC_600M,A4GRB6,0.7344448260940885
SaProt_650M,POLG,0.7271705427820296
SaProt_650M,GCN4,0.6554144385026738
SaProt_650M,HCP,0.7886498920721865
SaProt_650M,SOX30,0.3320162606232773
SaProt_650M,PA,-0.14058012499403655
SaProt_650M,SCN5A,0.08796496242655764
SaProt_650M,SPIKE,0.6352955343675825
SaProt_650M,MBD11,0.6668341253775999
SaProt_650M,A0A192B1T2,0.4491809474320125
SaProt_650M,BBC1,0.5108045017159517
SaProt_650M,P53,0.5300736169012772
SaProt_650M,B2L11,0.22077906216986953
SaProt_650M,VKOR1,0.4869152954484118
SaProt_650M,DNJA1,0.365378560601571
SaProt_650M,RS15,0.4800451439267679
SaProt_650M,NPC1,0.48142281105990786
SaProt_650M,HIS7,0.1036771014452059
SaProt_650M,Q2N0S5,0.47039652570382745
SaProt_650M,VILI,0.7164330712092671
SaProt_650M,MET,0.5706332867699025
SaProt_650M,AMFR,0.4570232417533448
SaProt_650M,RASH,0.3613557472337874
SaProt_650M,PR40A,0.5309803958125872
SaProt_650M,SRBS1,0.5756811031302064
SaProt_650M,NUD15,0.6812078578161993
SaProt_650M,GAL4,0.5974812424589871
SaProt_650M,RPC1,0.07718506256972515
SaProt_650M,OBSCN,0.754102846040304
SaProt_650M,CSN4,0.610012472223252
SaProt_650M,CAPSD,0.26555218459224034
SaProt_650M,ENV,
SaProt_650M,YAIA,0.6870300545276392
SaProt_650M,LYAM1,0.36869539642340143
SaProt_650M,PSAE,0.4400318598157507
SaProt_650M,CCDB,0.43564571632194604
SaProt_650M,SPG1,0.37088263439237434
SaProt_650M,PIN1,0.7325547519598429
SaProt_650M,CAR11,0.3550046204969747
SaProt_650M,PITX2,0.4980148171279066
SaProt_650M,ANCSZ,0.5765262952788229
SaProt_650M,P53,0.6449730734534429
SaProt_650M,HXK4,0.42804287160978544
SaProt_650M,BCHB,0.3964736702770853
SaProt_650M,F7YBW8,0.260787102892366
SaProt_650M,TRPC,0.5682395433177398
SaProt_650M,POLG,0.014743261753898979
SaProt_650M,SC6A4,0.5855830824812208
SaProt_650M,DLG4,0.42143520828593806
SaProt_650M,SPG2,0.37464348740516185
SaProt_650M,HSP82,0.4333495899544655
SaProt_650M,YNZC,0.4868393383697401
SaProt_650M,DYR,0.44783474216593117
SaProt_650M,HSP82,0.35941529168961217
SaProt_650M,PTEN,0.49700677380458713
SaProt_650M,SQSTM,0.6423188971936861
SaProt_650M,RASK,0.4182605227890992
SaProt_650M,BLAT,0.5269758180569083
SaProt_650M,ADRB2,0.551277248326764
SaProt_650M,SYUA,0.17625059814957106
SaProt_650M,PPARG,0.7395684744100943
SaProt_650M,NUSG,0.5011151237546367
SaProt_650M,OXDA,0.39546410464637
SaProt_650M,SUMO1,0.4973440239130552
SaProt_650M,PKN1,0.3227673256549307
SaProt_650M,RAF1,0.41079537665738536
SaProt_650M,RASK,0.2002934439704785
SaProt_650M,UBE4B,0.5626943843354347
SaProt_650M,RFAH,0.4770100560504198
SaProt_650M,A0A2Z5U3Z0,0.5547687949308377
SaProt_650M,TCRG1,0.7429836442287795
SaProt_650M,VRPI,0.7164990690282483
SaProt_650M,VKOR1,0.38648217496855175
SaProt_650M,PHOT,0.6287715222532795
SaProt_650M,C6KNH7,0.5750807275957801
SaProt_650M,GRB2,0.6781067917416695
SaProt_650M,NKX31,0.49162884965210185
SaProt_650M,RCD1,0.38566807766073596
SaProt_650M,CALM1,0.2591489049508539
SaProt_650M,SBI,0.6722435948866067
SaProt_650M,YAP1,0.45390191393883905
SaProt_650M,TPOR,0.37893752631704725
SaProt_650M,KCNH2,0.27728643216080406
SaProt_650M,AMIE,0.5963070965953016
SaProt_650M,UBC9,0.39406679929719984
SaProt_650M,HSP82,0.31764889907047145
SaProt_650M,SPIKE,0.5339843686146609
SaProt_650M,HXK4,0.48382499196907885
SaProt_650M,CCDB,0.4825601652967785
SaProt_650M,TPK1,0.2996757224000652
SaProt_650M,FECA,0.48475044215332125
SaProt_650M,NUSA,0.6214318172295938
SaProt_650M,RPC1,0.006994151347455906
SaProt_650M,CASP3,0.5724146438864406
SaProt_650M,KCNE1,0.09495295686692284
SaProt_650M,ILF3,0.40330483324359745
SaProt_650M,F7YBW8,0.27984060009376466
SaProt_650M,SCIN,0.5861194406487865
SaProt_650M,RL20,0.4257684482437855
SaProt_650M,REV,0.3215121707759255
SaProt_650M,CASP7,0.6187150288004738
SaProt_650M,CUE1,0.680848988404962
SaProt_650M,ERBB2,0.4644753083613998
SaProt_650M,A4,
SaProt_650M,DN7A,0.5324332040153303
SaProt_650M,CBPA2,0.4774091816636037
SaProt_650M,VG08,0.7596669524532675
SaProt_650M,Q8WTC7,0.27025516915503833
SaProt_650M,ESTA,0.39280090474435386
SaProt_650M,LGK,0.4373266540888797
SaProt_650M,SAV1,0.3762651233287768
SaProt_650M,DLG4,0.444431016700972
SaProt_650M,Q59976,0.5837934268364854
SaProt_650M,MAFG,0.5499878691368234
SaProt_650M,A0A2Z5U3Z0,0.47756937038167446
SaProt_650M,D7PM05,0.49974832300999544
SaProt_650M,UBE4B,
SaProt_650M,AACC1,0.5268172985076616
SaProt_650M,KCNJ2,0.3391263225155298
SaProt_650M,DYR,0.4782046450613663
SaProt_650M,KCNJ2,0.32600092162792627
SaProt_650M,PPM1D,0.6270198768140804
SaProt_650M,RCRO,0.6434476084541035
SaProt_650M,CBS,0.3729986647002572
SaProt_650M,GFP,0.38434151963460733
SaProt_650M,A0A247D711,0.4156836452451645
SaProt_650M,ISDH,0.6629563526133077
SaProt_650M,RBP1,0.5134393991574119
SaProt_650M,CD19,0.30713590812103975
SaProt_650M,MYO3,0.6420898658413965
SaProt_650M,PAI1,0.43685304756841464
SaProt_650M,TADBP,-0.2479867683931144
SaProt_650M,Q53Z42,0.3030199808515738
SaProt_650M,RL40A,0.3714227087635882
SaProt_650M,CBX4,0.536473546939582
SaProt_650M,BRCA1,0.5248793299603923
SaProt_650M,RDRP,0.19730158339157464
SaProt_650M,RL40A,0.30603023293186854
SaProt_650M,ACE2,0.23125411636785964
SaProt_650M,MK01,0.1357400438686378
SaProt_650M,THO1,0.4419571876362913
SaProt_650M,P84126,0.545385106630485
SaProt_650M,S22A1,0.5492780494062601
SaProt_650M,NPC1,0.6305794772194995
SaProt_650M,NCAP,0.14797371408883428
SaProt_650M,I6TAH8,0.07558433300377475
SaProt_650M,GDIA,0.44337107545207294
SaProt_650M,P53,0.6517718976770083
SaProt_650M,BLAT,0.721662918553452
SaProt_650M,TRPC,-0.041182944139571166
SaProt_650M,TNKS2,0.5933662128971761
SaProt_650M,POLG,
SaProt_650M,P53,0.5425602251059071
SaProt_650M,SPG1,0.7844976076555024
SaProt_650M,S22A1,0.6240818106774171
SaProt_650M,SDA,0.6927119273160519
SaProt_650M,RPC1,0.6232892956398564
SaProt_650M,OTU7A,0.6770376903886953
SaProt_650M,Q53Z42,0.49500171922950337
SaProt_650M,RL40A,0.3239359334395066
SaProt_650M,EPHB2,0.6426574597507625
SaProt_650M,NRAM,0.5753304180499978
SaProt_650M,KCNE1,0.564883632986819
SaProt_650M,CAR11,0.5315555226186414
SaProt_650M,BLAT,0.7151095240751275
SaProt_650M,A4D664,0.17248983895968853
SaProt_650M,BLAT,0.705270407841153
SaProt_650M,PTEN,0.47992974647281894
SaProt_650M,DOCK1,0.55565180851399
SaProt_650M,POLG,0.04268512783195613
SaProt_650M,RAD,0.28450513663344684
SaProt_650M,GLPA,0.46264596202335406
SaProt_650M,HECD1,0.7107521673535439
SaProt_650M,MSH2,0.39127179299751763
SaProt_650M,SPA,0.507972004826769
SaProt_650M,TPMT,0.5559683605416943
SaProt_650M,TAT,0.17064838315869468
SaProt_650M,MTH3,0.5850035172304648
SaProt_650M,OXDA,0.40704532588076553
SaProt_650M,SR43C,0.7269386574172912
SaProt_650M,R1AB,0.45900411985481115
SaProt_650M,OPSD,0.5212459594475464
SaProt_650M,CP2C9,0.6589681420986617
SaProt_650M,CATR,0.3265448299699731
SaProt_650M,IF1,0.5655985758799201
SaProt_650M,ENV,-0.12044633789836875
SaProt_650M,HMDH,0.5125386003587522
SaProt_650M,A0A1I9GEU1,0.05208148706340694
SaProt_650M,SPTN1,0.5660869992159764
SaProt_650M,KKA2,0.644547603338825
SaProt_650M,Q6WV12,0.22622224175396644
SaProt_650M,RD23A,0.48439570651794106
SaProt_650M,UBR5,0.5140817727597489
SaProt_650M,FKBP3,0.5577833550991893
SaProt_650M,ARGR,0.5430411880814208
SaProt_650M,SHOC2,0.29507754754778265
SaProt_650M,ODP2,0.5506582177322619
SaProt_650M,ENVZ,0.14709446872950516
SaProt_650M,CP2C9,0.6081673718411057
SaProt_650M,A4GRB6,0.7491455992025768
ESM2_650M,POLG,0.09316142663329983
ESM2_650M,GCN4,0.5594919786096257
ESM2_650M,HCP,0.6859003624761545
ESM2_650M,SOX30,0.32162107853655325
ESM2_650M,PA,-0.09972806640904537
ESM2_650M,SCN5A,0.12833408695232834
ESM2_650M,HEM3,0.39323964268820294
ESM2_650M,SPIKE,0.020997152170721924
ESM2_650M,MBD11,0.5438402206358405
ESM2_650M,A0A192B1T2,0.07984596832256931
ESM2_650M,BBC1,0.5771789374199192
ESM2_650M,P53,0.4318685295535964
ESM2_650M,PABP,0.6557076790831939
ESM2_650M,B2L11,0.26963318494635474
ESM2_650M,VKOR1,0.49329897663748684
ESM2_650M,DNJA1,0.6153461387117631
ESM2_650M,RS15,0.40872055945897046
ESM2_650M,RNC,0.596163112571977
ESM2_650M,CCR5,0.3474144258073541
ESM2_650M,NPC1,0.6703629032258065
ESM2_650M,HIS7,0.02837358682539249
ESM2_650M,Q2N0S5,0.04424803413235726
ESM2_650M,A0A140D2T1,0.06883870291854376
ESM2_650M,VILI,0.677190341708326
ESM2_650M,MET,0.5899320067282883
ESM2_650M,AMFR,0.5205130925638338
ESM2_650M,RASH,0.49757827086867173
ESM2_650M,PR40A,0.588814237012049
ESM2_650M,SRBS1,0.6169226178679724
ESM2_650M,NUD15,0.5255910656290009
ESM2_650M,GAL4,0.6676185486042442
ESM2_650M,RPC1,0.07466433580737997
ESM2_650M,OBSCN,0.6455912199802729
ESM2_650M,CSN4,0.3423499362784256
ESM2_650M,Q837P5,0.37375379282322624
ESM2_650M,CAPSD,0.2030415498790861
ESM2_650M,ENV,
ESM2_650M,YAIA,0.42930473506231825
ESM2_650M,LYAM1,0.3101803783386235
ESM2_650M,PSAE,0.590582056415564
ESM2_650M,CCDB,0.4658587791092502
ESM2_650M,SPG1,0.2760451041567189
ESM2_650M,PIN1,0.6623283154007283
ESM2_650M,CAR11,0.3428959436636488
ESM2_650M,PITX2,0.6378446196280215
ESM2_650M,ANCSZ,0.6092738141473251
ESM2_650M,P53,0.3980921815730597
ESM2_650M,HXK4,0.3674386550981772
ESM2_650M,SRC,0.46454995581023373
ESM2_650M,BCHB,0.4417717022689155
ESM2_650M,F7YBW8,0.3354670459933617
ESM2_650M,TRPC,0.6525339432224486
ESM2_650M,POLG,0.09399541936502923
ESM2_650M,SC6A4,0.5426256576020646
ESM2_650M,DLG4,0.5425107220445632
ESM2_650M,SPG2,0.23209546769538097
ESM2_650M,HSP82,0.4612053732787139
ESM2_650M,YNZC,0.558851675508717
ESM2_650M,DYR,0.48002883577409466
ESM2_650M,HSP82,0.2832636829770007
ESM2_650M,PTEN,0.5185317721604965
ESM2_650M,SQSTM,0.6179764815406289
ESM2_650M,RASK,0.5601982785434735
ESM2_650M,BLAT,0.5280745935859795
ESM2_650M,ADRB2,0.49260504994672744
ESM2_650M,SYUA,0.1372572280738241
ESM2_650M,PPARG,0.5936957468065548
ESM2_650M,NUSG,0.5611667806646556
ESM2_650M,OXDA,0.3149711131853817
ESM2_650M,SUMO1,0.5093076909878026
ESM2_650M,PKN1,0.29766977709999204
ESM2_650M,MTHR,0.3475140888199527
ESM2_650M,BRCA2,0.4981577012858046
ESM2_650M,RAF1,0.4733114129551598
ESM2_650M,RASK,0.15863210025062538
ESM2_650M,UBE4B,0.5840563184774472
ESM2_650M,RFAH,0.34720772682825957
ESM2_650M,A0A2Z5U3Z0,0.5066941826016952
ESM2_650M,TCRG1,0.7190392080521646
ESM2_650M,VRPI,0.5874872762732959
ESM2_650M,VKOR1,0.43031737288413463
ESM2_650M,PHOT,0.6491467261643072
ESM2_650M,C6KNH7,0.4830217229356003
ESM2_650M,GRB2,0.7255761235981049
ESM2_650M,NKX31,0.6972878070930781
ESM2_650M,RCD1,0.4720579388794253
ESM2_650M,CALM1,0.21161673104066892
ESM2_650M,SBI,0.5725694555876479
ESM2_650M,YAP1,0.5901314161017451
ESM2_650M,SERC,0.5575458160692293
ESM2_650M,TPOR,0.2898977253248813
ESM2_650M,KCNH2,0.5154923873096828
ESM2_650M,OTC,0.5309452474716275
ESM2_650M,AMIE,0.5569424918204964
ESM2_650M,CAS9,0.1809229149016632
ESM2_650M,Q837P4,0.5149598264422284
ESM2_650M,UBC9,0.47258667182994013
ESM2_650M,HSP82,0.2565104500330355
ESM2_650M,SPIKE,-0.01741859414888284
ESM2_650M,HXK4,0.5166104467483934
ESM2_650M,CCDB,0.5114693109007279
ESM2_650M,TPK1,0.3385967829239686
ESM2_650M,FECA,0.5347534994819766
ESM2_650M,NUSA,0.4819219587917504
ESM2_650M,RPC1,0.08719716268757936
ESM2_650M,CASP3,0.6375201823939017
ESM2_650M,KCNE1,0.1060374175280745
ESM2_650M,ILF3,0.3179015268460253
ESM2_650M,F7YBW8,0.26732301922175344
ESM2_650M,SCIN,0.3459171352839732
ESM2_650M,RL20,0.4107792565570548
ESM2_650M,REV,0.24038302396860212
ESM2_650M,CASP7,0.6220950687695114
ESM2_650M,CUE1,0.5084649191513423
ESM2_650M,ERBB2,0.43542299051529615
ESM2_650M,A4,
ESM2_650M,DN7A,0.33706531508193405
ESM2_650M,CBPA2,0.4913654714267552
ESM2_650M,VG08,0.655169709422912
ESM2_650M,Q8WTC7,-0.03332070081172443
ESM2_650M,ESTA,0.2995253904070948
ESM2_650M,LGK,0.5151054161471091
ESM2_650M,SAV1,0.6015847247575246
ESM2_650M,DLG4,0.4880581529286565
ESM2_650M,Q59976,0.5721319767742438
ESM2_650M,MAFG,0.5135629505280603
ESM2_650M,A0A2Z5U3Z0,0.464199512120807
ESM2_650M,D7PM05,-0.014255180388436128
ESM2_650M,UBE4B,
ESM2_650M,AACC1,0.49042537436575667
ESM2_650M,KCNJ2,0.3819848685873209
ESM2_650M,DYR,0.5442178407338755
ESM2_650M,KCNJ2,0.3515716010423677
ESM2_650M,PPM1D,0.6017724217274187
ESM2_650M,RCRO,0.4989181996800589
ESM2_650M,CBS,0.34216327397814683
ESM2_650M,GFP,0.05164874986380868
ESM2_650M,A0A247D711,0.06610058783744555
ESM2_650M,ISDH,0.2913758390401076
ESM2_650M,RBP1,0.5996793426050842
ESM2_650M,CD19,0.049872750048965124
ESM2_650M,MYO3,0.5096862793825983
ESM2_650M,PAI1,0.4479357501411909
ESM2_650M,TADBP,-0.11975882247705154
ESM2_650M,Q53Z42,0.3300508178078078
ESM2_650M,RL40A,0.598578681459522
ESM2_650M,CBX4,0.6721421993244779
ESM2_650M,PRKN,0.5012113469084195
ESM2_650M,BRCA1,0.5147270877527704
ESM2_650M,SRC,0.47072987062498467
ESM2_650M,RDRP,0.3217643728860444
ESM2_650M,RL40A,0.5300172230531615
ESM2_650M,ACE2,0.22454527295271684
ESM2_650M,MK01,0.17818007893987
ESM2_650M,THO1,0.41144196509412545
ESM2_650M,P84126,0.6046764637417725
ESM2_650M,S22A1,0.5751765190116304
ESM2_650M,NPC1,0.6949127645288999
ESM2_650M,NCAP,0.02779308244143352
ESM2_650M,I6TAH8,0.02042129434231032
ESM2_650M,MLAC,0.3820809181097811
ESM2_650M,GDIA,0.397065241002714
ESM2_650M,P53,0.6781263027340868
ESM2_650M,BLAT,0.7371015043231247
ESM2_650M,TRPC,0.020230556045602456
ESM2_650M,TNKS2,0.5930403166144517
ESM2_650M,POLG,
ESM2_650M,P53,0.40419687713790453
ESM2_650M,SPG1,0.5509774436090225
ESM2_650M,S22A1,0.6264475564053598
ESM2_650M,SDA,0.607623227639395
ESM2_650M,RPC1,0.6145812616392501
ESM2_650M,OTU7A,0.31947549991165686
ESM2_650M,SRC,0.5551353310579648
ESM2_650M,Q53Z42,0.5540250628001957
ESM2_650M,RL40A,0.5178520925871772
ESM2_650M,EPHB2,0.6764714562936266
ESM2_650M,NRAM,0.16079064080231278
ESM2_650M,KCNE1,0.5246494133967476
ESM2_650M,CAR11,0.5172009290690592
ESM2_650M,BLAT,0.7314910926662603
ESM2_650M,A4D664,0.14877636085492946
ESM2_650M,BLAT,0.70378196372436
ESM2_650M,PTEN,0.46503041389115035
ESM2_650M,DOCK1,0.5758887760033427
ESM2_650M,POLG,-0.1059894885895607
ESM2_650M,RAD,0.2998184863162751
ESM2_650M,GLPA,0.4253074280491886
ESM2_650M,HECD1,0.6426280308845486
ESM2_650M,MSH2,0.3394904549952805
ESM2_650M,SPA,0.1904048972504107
ESM2_650M,TPMT,0.538658619460537
ESM2_650M,TAT,0.017441432384352633
ESM2_650M,MTH3,0.5269897702467963
ESM2_650M,OXDA,0.3701757338562499
ESM2_650M,SR43C,0.5888950621986098
ESM2_650M,R1AB,0.10475603306411642
ESM2_650M,OPSD,0.552042315603879
ESM2_650M,CP2C9,0.6788921289482689
ESM2_650M,CATR,0.3924989584608996
ESM2_650M,IF1,0.5986819298853202
ESM2_650M,ENV,-0.18149546393446
ESM2_650M,HMDH,0.5089492029634741
ESM2_650M,A0A1I9GEU1,0.029712689503610046
ESM2_650M,SPTN1,0.5898439757071586
ESM2_650M,KKA2,0.6014363634003146
ESM2_650M,Q6WV12,0.03465172337438419
ESM2_650M,RD23A,0.5444004064523491
ESM2_650M,UBR5,0.2900028303627051
ESM2_650M,FKBP3,0.18782329973588968
ESM2_650M,ARGR,0.4964943152954513
ESM2_650M,SHOC2,0.4255436795064066
ESM2_650M,ODP2,0.5143964664206157
ESM2_650M,ENVZ,0.17158710832015175
ESM2_650M,CP2C9,0.634522986017179
ESM2_650M,AICDA,0.3283841065807374
ESM2_650M,A4GRB6,0.7381722591974722
ESM2_3B,POLG,0.09861728949710859
ESM2_3B,GCN4,0.5521390374331552
ESM2_3B,HCP,0.5879041799011677
ESM2_3B,SOX30,0.26215989577948073
ESM2_3B,PA,-0.08700920757597441
ESM2_3B,SCN5A,0.16052891619862428
ESM2_3B,HEM3,0.4180268672105373
ESM2_3B,SPIKE,0.03006690229596296
ESM2_3B,MBD11,0.5524177411165951
ESM2_3B,A0A192B1T2,0.131579189245346
ESM2_3B,BBC1,0.5556650571165067
ESM2_3B,P53,0.46888090296599777
ESM2_3B,PABP,0.6282266462405479
ESM2_3B,B2L11,0.3668846672895256
ESM2_3B,VKOR1,0.4844021215554773
ESM2_3B,DNJA1,0.5370274065745027
ESM2_3B,RS15,0.37186985852141724
ESM2_3B,RNC,0.5954919788316827
ESM2_3B,CCR5,0.3393955269213283
ESM2_3B,NPC1,0.6544258832565285
ESM2_3B,HIS7,0.03709243497573386
ESM2_3B,Q2N0S5,0.09306914307857568
ESM2_3B,A0A140D2T1,0.3189247665775923
ESM2_3B,VILI,0.5963207314057151
ESM2_3B,MET,0.5961932378237947
ESM2_3B,AMFR,0.5457542249794411
ESM2_3B,RASH,0.4397479004924025
ESM2_3B,PR40A,0.4310620610461276
ESM2_3B,SRBS1,0.5964081536897776
ESM2_3B,NUD15,0.5834909324108963
ESM2_3B,GAL4,0.6697618361539208
ESM2_3B,RPC1,0.06946081308386215
ESM2_3B,OBSCN,0.6553720937203168
ESM2_3B,CSN4,0.35581503237686984
ESM2_3B,Q837P5,0.4360292455106659
ESM2_3B,CAPSD,0.10901510462007408
ESM2_3B,ENV,
ESM2_3B,YAIA,0.5067547670091506
ESM2_3B,LYAM1,0.42556659726004176
ESM2_3B,PSAE,0.44447840151330814
ESM2_3B,CCDB,0.4632821331865525
ESM2_3B,SPG1,0.22647100875630974
ESM2_3B,PIN1,0.5761679905443194
ESM2_3B,CAR11,0.3531397556972555
ESM2_3B,PITX2,0.6225216493908936
ESM2_3B,ANCSZ,0.5978741625801415
ESM2_3B,P53,0.444112823491029
ESM2_3B,HXK4,0.3756667199384942
ESM2_3B,SRC,0.42600478567642197
ESM2_3B,BCHB,0.38923897706521793
ESM2_3B,F7YBW8,0.14864864864864863
ESM2_3B,TRPC,0.6320116744319619
ESM2_3B,POLG,0.055690409667755084
ESM2_3B,SC6A4,0.5476543652805481
ESM2_3B,DLG4,0.47564242581870647
ESM2_3B,SPG2,0.21270903975118596
ESM2_3B,HSP82,0.4728923389296458
ESM2_3B,YNZC,0.42529233822031437
ESM2_3B,DYR,0.5064989254539455
ESM2_3B,HSP82,0.35885524755779385
ESM2_3B,PTEN,0.30756306992042576
ESM2_3B,SQSTM,0.6400577288932895
ESM2_3B,RASK,0.5112702597462936
ESM2_3B,BLAT,0.4607422147457866
ESM2_3B,ADRB2,0.505137077841984
ESM2_3B,SYUA,0.20603120307773898
ESM2_3B,PPARG,0.735983182921999
ESM2_3B,NUSG,0.5756826695195084
ESM2_3B,OXDA,0.35098207755771194
ESM2_3B,SUMO1,0.3804195983540234
ESM2_3B,PKN1,0.23562451483207225
ESM2_3B,MTHR,0.2758729045945087
ESM2_3B,BRCA2,0.4981415803660095
ESM2_3B,RAF1,0.43302938092344456
ESM2_3B,RASK,0.13224806564925903
ESM2_3B,UBE4B,0.5586996881727055
ESM2_3B,RFAH,0.3098187811242845
ESM2_3B,A0A2Z5U3Z0,0.49764838175766907
ESM2_3B,TCRG1,0.721534839882206
ESM2_3B,VRPI,0.6116785001838273
ESM2_3B,VKOR1,0.4459199038551147
ESM2_3B,PHOT,0.6727465126386492
ESM2_3B,C6KNH7,0.40484526410455834
ESM2_3B,GRB2,0.6470392230339859
ESM2_3B,NKX31,0.6449205536149875
ESM2_3B,RCD1,0.43940076377854986
ESM2_3B,CALM1,0.2180011373853929
ESM2_3B,SBI,0.6583212763871059
ESM2_3B,YAP1,0.48608501540740934
ESM2_3B,SERC,0.577383376942849
ESM2_3B,TPOR,0.4220729266104698
ESM2_3B,KCNH2,0.4957368934223356
ESM2_3B,OTC,0.5095859731344979
ESM2_3B,AMIE,0.6744484116055306
ESM2_3B,CAS9,0.18998885006947294
ESM2_3B,Q837P4,0.5453105882355652
ESM2_3B,UBC9,0.5181652663105288
ESM2_3B,HSP82,0.3087845494903855
ESM2_3B,SPIKE,-0.00813893393596019
ESM2_3B,HXK4,0.5079025637870807
ESM2_3B,CCDB,0.5222934392748276
ESM2_3B,TPK1,0.32777752921239756
ESM2_3B,FECA,0.4881549349491221
ESM2_3B,NUSA,0.49590396495436084
ESM2_3B,RPC1,0.04744143086647228
ESM2_3B,CASP3,0.5541199465798099
ESM2_3B,KCNE1,0.06231438855442664
ESM2_3B,ILF3,0.28240667144212894
ESM2_3B,F7YBW8,0.3808954524144398
ESM2_3B,SCIN,0.40580994175221685
ESM2_3B,RL20,0.3857120197848015
ESM2_3B,REV,0.2807670028491865
ESM2_3B,CASP7,0.5723018710577168
ESM2_3B,CUE1,0.5139215129499899
ESM2_3B,ERBB2,0.3675077682946551
ESM2_3B,A4,
ESM2_3B,DN7A,0.3374481653579504
ESM2_3B,CBPA2,0.480997610809733
ESM2_3B,VG08,0.6112599137585324
ESM2_3B,Q8WTC7,0.011401196530630995
ESM2_3B,ESTA,0.28063042486335593
ESM2_3B,LGK,0.5803042279686804
ESM2_3B,SAV1,0.6611921641204607
ESM2_3B,DLG4,0.4350413933724509
ESM2_3B,Q59976,0.5597019617819823
ESM2_3B,MAFG,0.5324784723794058
ESM2_3B,A0A2Z5U3Z0,0.48124990968769193
ESM2_3B,D7PM05,0.006832979433936465
ESM2_3B,UBE4B,
ESM2_3B,AACC1,0.5108101217819395
ESM2_3B,KCNJ2,0.3851155909555893
ESM2_3B,DYR,0.5287955000753785
ESM2_3B,KCNJ2,0.34292029451843037
ESM2_3B,PPM1D,0.6275137740087353
ESM2_3B,RCRO,0.45533319330310473
ESM2_3B,CBS,0.3292178446603621
ESM2_3B,GFP,0.05928662740933802
ESM2_3B,A0A247D711,0.08377918390195353
ESM2_3B,ISDH,0.3312206535972453
ESM2_3B,RBP1,0.3306323166516051
ESM2_3B,CD19,0.12313275262975552
ESM2_3B,MYO3,0.42412802107377023
ESM2_3B,PAI1,0.33475746548177904
ESM2_3B,TADBP,-0.027697902345317677
ESM2_3B,Q53Z42,0.2871852185756593
ESM2_3B,RL40A,0.4793651651999239
ESM2_3B,CBX4,0.5760475707111182
ESM2_3B,PRKN,0.6575536475485046
ESM2_3B,BRCA1,0.4945307761384627
ESM2_3B,SRC,0.4426084801052023
ESM2_3B,RDRP,0.3889971630100719
ESM2_3B,RL40A,0.42732711041075455
ESM2_3B,ACE2,0.17489758689555496
ESM2_3B,MK01,0.18915904304690195
ESM2_3B,THO1,0.4438355739303498
ESM2_3B,P84126,0.595583804817771
ESM2_3B,S22A1,0.5471012298666591
ESM2_3B,NPC1,0.7156610468256532
ESM2_3B,NCAP,0.031447293889345994
ESM2_3B,I6TAH8,0.013386409641635049
ESM2_3B,MLAC,0.3823580302410022
ESM2_3B,GDIA,0.35620045670995076
ESM2_3B,P53,0.6983686519077006
ESM2_3B,BLAT,0.5728512903783809
ESM2_3B,TRPC,0.026747393286850756
ESM2_3B,TNKS2,0.5842777331899387
ESM2_3B,POLG,
ESM2_3B,P53,0.43191114099592465
ESM2_3B,SPG1,0.5121531100478469
ESM2_3B,S22A1,0.5988884973727447
ESM2_3B,SDA,0.6246802550770879
ESM2_3B,RPC1,0.5783110271694295
ESM2_3B,OTU7A,0.36218063510467824
ESM2_3B,SRC,0.5149795645512554
ESM2_3B,Q53Z42,0.550209038670577
ESM2_3B,RL40A,0.44605679189371056
ESM2_3B,EPHB2,0.5804394656088908
ESM2_3B,NRAM,0.5405370170470841
ESM2_3B,KCNE1,0.46522264696269544
ESM2_3B,CAR11,0.5360741871617505
ESM2_3B,BLAT,0.589339319938959
ESM2_3B,A4D664,0.2109565266165387
ESM2_3B,BLAT,0.5879431984396908
ESM2_3B,PTEN,0.26521491871933695
ESM2_3B,DOCK1,0.5719519850302407
ESM2_3B,POLG,-0.10781734035515304
ESM2_3B,RAD,0.2668191368670111
ESM2_3B,GLPA,0.380361324857812
ESM2_3B,HECD1,0.6071157744205112
ESM2_3B,MSH2,0.2964984918215451
ESM2_3B,SPA,0.1935948334653238
ESM2_3B,TPMT,0.47630002237847147
ESM2_3B,TAT,-0.056597502015367375
ESM2_3B,MTH3,0.6082259068396777
ESM2_3B,OXDA,0.3902801421467535
ESM2_3B,SR43C,0.6541063004081672
ESM2_3B,R1AB,0.49816087699223843
ESM2_3B,OPSD,0.4493388186893918
ESM2_3B,CP2C9,0.6783536961821514
ESM2_3B,CATR,0.3325468531754169
ESM2_3B,IF1,0.556095647801476
ESM2_3B,ENV,-0.12395991564018033
ESM2_3B,HMDH,0.3744123488882578
ESM2_3B,A0A1I9GEU1,0.027459827124794074
ESM2_3B,SPTN1,0.6172685593141938
ESM2_3B,KKA2,0.6451478058319666
ESM2_3B,Q6WV12,0.039749864060945286
ESM2_3B,RD23A,0.4957382448006047
ESM2_3B,UBR5,0.46253995369826306
ESM2_3B,FKBP3,0.2647585011953417
ESM2_3B,ARGR,0.49945587128628577
ESM2_3B,SHOC2,0.3880277538690479
ESM2_3B,ODP2,0.30565169106269086
ESM2_3B,ENVZ,0.15418489079687533
ESM2_3B,CP2C9,0.6264644710353259
ESM2_3B,AICDA,0.34709526800602486
ESM2_3B,A4GRB6,0.711722743308756
ESM3_sm_structure,POLG,-0.20518525574954843
ESM3_sm_structure,GCN4,0.4772727272727273
ESM3_sm_structure,HCP,0.6277934656146915
ESM3_sm_structure,SOX30,0.4813692427581214
ESM3_sm_structure,PA,0.11068965752909737
ESM3_sm_structure,SCN5A,0.08937859447332157
ESM3_sm_structure,HEM3,0.3858842464494444
ESM3_sm_structure,SPIKE,0.46299446967698
ESM3_sm_structure,MBD11,0.5557871931430429
ESM3_sm_structure,A0A192B1T2,0.1932566186926933
ESM3_sm_structure,BBC1,0.5520006828289941
ESM3_sm_structure,P53,0.1579337008342379
ESM3_sm_structure,PABP,0.5712682243235093
ESM3_sm_structure,B2L11,0.1771642820940273
ESM3_sm_structure,VKOR1,0.46202564216279396
ESM3_sm_structure,DNJA1,0.6167809775206452
ESM3_sm_structure,RS15,0.48978809047827976
ESM3_sm_structure,RNC,0.5168197534059659
ESM3_sm_structure,CCR5,0.3138944419054248
ESM3_sm_structure,NPC1,0.20895737327188937
ESM3_sm_structure,HIS7,0.14172620539070147
ESM3_sm_structure,Q2N0S5,0.2900686447322629
ESM3_sm_structure,VILI,0.6639450236905847
ESM3_sm_structure,MET,0.394929572341236
ESM3_sm_structure,AMFR,0.6140658426567935
ESM3_sm_structure,RASH,0.43381718154422216
ESM3_sm_structure,PR40A,0.6238746981360734
ESM3_sm_structure,SRBS1,0.5838216304176773
ESM3_sm_structure,NUD15,0.5346928971489934
ESM3_sm_structure,GAL4,0.4419732809416009
ESM3_sm_structure,RPC1,0.04163762271234605
ESM3_sm_structure,OBSCN,0.6177695952677772
ESM3_sm_structure,CSN4,0.6872003284072449
ESM3_sm_structure,Q837P5,0.3595286365458681
ESM3_sm_structure,CAPSD,0.15046950540086027
ESM3_sm_structure,ENV,-0.0693978910280423
ESM3_sm_structure,YAIA,0.39802125440357566
ESM3_sm_structure,LYAM1,0.19723226355748885
ESM3_sm_structure,PSAE,0.5128566400375438
ESM3_sm_structure,CCDB,0.2169193594694405
ESM3_sm_structure,SPG1,0.28142343455994373
ESM3_sm_structure,PIN1,0.6381720591483698
ESM3_sm_structure,CAR11,0.3096022094436575
ESM3_sm_structure,PITX2,0.6798835211846176
ESM3_sm_structure,ANCSZ,0.48900644638950425
ESM3_sm_structure,P53,0.13254071921758848
ESM3_sm_structure,HXK4,0.35458963604416094
ESM3_sm_structure,SRC,0.3089023997908159
ESM3_sm_structure,BCHB,0.5295900916709552
ESM3_sm_structure,F7YBW8,0.3167377904220009
ESM3_sm_structure,TRPC,0.5560597176952781
ESM3_sm_structure,POLG,0.1505415640234826
ESM3_sm_structure,SC6A4,0.4772666952584843
ESM3_sm_structure,DLG4,0.4842101167218757
ESM3_sm_structure,SPG2,0.38424594250399763
ESM3_sm_structure,HSP82,0.4159558232201623
ESM3_sm_structure,YNZC,0.6144171314206789
ESM3_sm_structure,DYR,0.3041102243053819
ESM3_sm_structure,HSP82,0.3533837271473224
ESM3_sm_structure,PTEN,0.4437939870485086
ESM3_sm_structure,SQSTM,0.6615831750334422
ESM3_sm_structure,RASK,0.49123682034668215
ESM3_sm_structure,BLAT,0.4519248357894642
ESM3_sm_structure,ADRB2,0.45457285805068415
ESM3_sm_structure,SYUA,-0.03688333664991202
ESM3_sm_structure,PPARG,0.415055344990471
ESM3_sm_structure,NUSG,0.6542805951908537
ESM3_sm_structure,OXDA,0.3412574688933742
ESM3_sm_structure,SUMO1,0.5199790018246088
ESM3_sm_structure,PKN1,0.49505835911132073
ESM3_sm_structure,MTHR,0.32959203063647946
ESM3_sm_structure,RAF1,0.22417878330980787
ESM3_sm_structure,RASK,0.27698779198684154
ESM3_sm_structure,UBE4B,0.5760087129059458
ESM3_sm_structure,RFAH,0.40871168707569483
ESM3_sm_structure,A0A2Z5U3Z0,0.3116002041128936
ESM3_sm_structure,TCRG1,0.7219752396042065
ESM3_sm_structure,VRPI,0.5593095878694011
ESM3_sm_structure,VKOR1,0.3204255486696042
ESM3_sm_structure,PHOT,0.5733619066579029
ESM3_sm_structure,C6KNH7,0.35751743284138354
ESM3_sm_structure,GRB2,0.7211513454374167
ESM3_sm_structure,NKX31,0.6616651088944114
ESM3_sm_structure,RCD1,0.3722587834651441
ESM3_sm_structure,CALM1,0.1614840905730657
ESM3_sm_structure,SBI,0.6348598296427043
ESM3_sm_structure,YAP1,0.45520720856546476
ESM3_sm_structure,SERC,0.492817478807034
ESM3_sm_structure,TPOR,0.3131151707507997
ESM3_sm_structure,KCNH2,0.3427000675016876
ESM3_sm_structure,OTC,0.5576953291169033
ESM3_sm_structure,AMIE,0.3876281612424397
ESM3_sm_structure,CAS9,0.11623605301413184
ESM3_sm_structure,Q837P4,0.49674230987921253
ESM3_sm_structure,UBC9,0.4734104261494476
ESM3_sm_structure,HSP82,0.317557311141862
ESM3_sm_structure,SPIKE,0.4013953930641545
ESM3_sm_structure,HXK4,0.42596340525676896
ESM3_sm_structure,CCDB,0.3474746705798693
ESM3_sm_structure,TPK1,0.22793057831619698
ESM3_sm_structure,FECA,0.6428374739323811
ESM3_sm_structure,NUSA,0.678276665953285
ESM3_sm_structure,RPC1,-0.05518220196969148
ESM3_sm_structure,CASP3,0.522147634002438
ESM3_sm_structure,KCNE1,0.14715032722728316
ESM3_sm_structure,ILF3,0.4349426905415721
ESM3_sm_structure,F7YBW8,0.26282231598687295
ESM3_sm_structure,SCIN,0.4975452174498504
ESM3_sm_structure,RL20,0.48434015281564746
ESM3_sm_structure,REV,0.20323203901234313
ESM3_sm_structure,CASP7,0.5672060845097684
ESM3_sm_structure,CUE1,0.5767842427954843
ESM3_sm_structure,ERBB2,0.46453644160372604
ESM3_sm_structure,A4,
ESM3_sm_structure,DN7A,0.60640054284223
ESM3_sm_structure,CBPA2,0.6316967000468572
ESM3_sm_structure,VG08,0.5398732001619846
ESM3_sm_structure,Q8WTC7,0.20900968694286715
ESM3_sm_structure,ESTA,0.3802940622092988
ESM3_sm_structure,LGK,0.3655136138598715
ESM3_sm_structure,SAV1,0.5815416231267618
ESM3_sm_structure,DLG4,0.6139221622387865
ESM3_sm_structure,Q59976,0.5279949304121805
ESM3_sm_structure,MAFG,0.5315365082432846
ESM3_sm_structure,A0A2Z5U3Z0,0.28227850553499684
ESM3_sm_structure,D7PM05,0.3178575933784836
ESM3_sm_structure,UBE4B,
ESM3_sm_structure,AACC1,0.4165322408012588
ESM3_sm_structure,KCNJ2,0.28872640088267154
ESM3_sm_structure,DYR,0.37037063841981266
ESM3_sm_structure,KCNJ2,0.3414526322397359
ESM3_sm_structure,PPM1D,0.4434357107952297
ESM3_sm_structure,RCRO,0.6645217734465138
ESM3_sm_structure,CBS,0.3144780549600384
ESM3_sm_structure,GFP,0.41306229820662704
ESM3_sm_structure,A0A247D711,0.40957061648990756
ESM3_sm_structure,ISDH,0.5879954787423669
ESM3_sm_structure,RBP1,0.46997154257867224
ESM3_sm_structure,CD19,0.23900262782482454
ESM3_sm_structure,MYO3,0.5403648855388528
ESM3_sm_structure,PAI1,0.3683235307505573
ESM3_sm_structure,TADBP,0.19027441541540138
ESM3_sm_structure,Q53Z42,0.3422897749216526
ESM3_sm_structure,RL40A,0.36095049631386955
ESM3_sm_structure,CBX4,0.6702588965850682
ESM3_sm_structure,PRKN,0.5153896485359895
ESM3_sm_structure,BRCA1,0.4336655197109288
ESM3_sm_structure,SRC,0.28687102199907016
ESM3_sm_structure,RDRP,0.16749781126362911
ESM3_sm_structure,RL40A,0.4782586047858943
ESM3_sm_structure,ACE2,0.26956879891233815
ESM3_sm_structure,MK01,0.11350136051954071
ESM3_sm_structure,THO1,0.4537509064832361
ESM3_sm_structure,P84126,0.528686151908719
ESM3_sm_structure,S22A1,0.44401526334361946
ESM3_sm_structure,NPC1,0.4299960194095337
ESM3_sm_structure,NCAP,0.18607038469393677
ESM3_sm_structure,I6TAH8,0.11741168020417742
ESM3_sm_structure,MLAC,0.12042077430385383
ESM3_sm_structure,GDIA,0.39658740177397733
ESM3_sm_structure,P53,0.34296844751326394
ESM3_sm_structure,BLAT,0.6252012598607238
ESM3_sm_structure,TRPC,-0.06718932376551862
ESM3_sm_structure,TNKS2,0.7139069619998073
ESM3_sm_structure,POLG,
ESM3_sm_structure,P53,0.16659809787537527
ESM3_sm_structure,SPG1,0.7945317840054682
ESM3_sm_structure,S22A1,0.494438084656962
ESM3_sm_structure,SDA,0.7571295713391547
ESM3_sm_structure,RPC1,0.6408822411583952
ESM3_sm_structure,OTU7A,0.6225672262665279
ESM3_sm_structure,SRC,0.3854108094700271
ESM3_sm_structure,Q53Z42,0.5212235249269292
ESM3_sm_structure,RL40A,0.3209476915867792
ESM3_sm_structure,EPHB2,0.7109913278857173
ESM3_sm_structure,NRAM,0.18561612171183225
ESM3_sm_structure,KCNE1,0.1735581788832463
ESM3_sm_structure,CAR11,0.4123820674958261
ESM3_sm_structure,BLAT,0.6165914766800197
ESM3_sm_structure,A4D664,0.191372241575243
ESM3_sm_structure,BLAT,0.5987443075819803
ESM3_sm_structure,PTEN,0.386853811513347
ESM3_sm_structure,DOCK1,0.5911411600054655
ESM3_sm_structure,POLG,-0.011191477920881529
ESM3_sm_structure,RAD,0.4589737214381215
ESM3_sm_structure,GLPA,0.20571771291483412
ESM3_sm_structure,HECD1,0.4514917879411109
ESM3_sm_structure,MSH2,0.3462530507516045
ESM3_sm_structure,SPA,0.5977859053714745
ESM3_sm_structure,TPMT,0.48860883048611287
ESM3_sm_structure,TAT,-0.02208252356465558
ESM3_sm_structure,MTH3,0.5066314292589563
ESM3_sm_structure,OXDA,0.28481333119700775
ESM3_sm_structure,SR43C,0.6169005939243928
ESM3_sm_structure,R1AB,0.24516658109396508
ESM3_sm_structure,OPSD,0.49856810835359183
ESM3_sm_structure,CP2C9,0.6064574919835555
ESM3_sm_structure,CATR,0.38056799621342835
ESM3_sm_structure,IF1,0.5005614497862432
ESM3_sm_structure,ENV,0.16823350769089485
ESM3_sm_structure,HMDH,0.43818505722296985
ESM3_sm_structure,A0A1I9GEU1,0.011384323187405182
ESM3_sm_structure,SPTN1,0.609826289956385
ESM3_sm_structure,KKA2,0.4818351330428784
ESM3_sm_structure,Q6WV12,0.19973218531916376
ESM3_sm_structure,RD23A,0.575027174927235
ESM3_sm_structure,UBR5,0.5870152958042927
ESM3_sm_structure,FKBP3,0.6292977242348611
ESM3_sm_structure,ARGR,0.6611622481694832
ESM3_sm_structure,SHOC2,0.2818724406910341
ESM3_sm_structure,ODP2,0.6389051226240378
ESM3_sm_structure,ENVZ,0.0485326365194148
ESM3_sm_structure,CP2C9,0.5643559317429896
ESM3_sm_structure,AICDA,0.24007810847524785
ESM3_sm_structure,A4GRB6,0.5714665978194406
ESM3_sm_both,POLG,-0.18782138858458008
ESM3_sm_both,GCN4,0.4348262032085562
ESM3_sm_both,HCP,0.755371384972975
ESM3_sm_both,SOX30,0.47623313089617714
ESM3_sm_both,PA,0.05520130673391698
ESM3_sm_both,SCN5A,0.03125952586792343
ESM3_sm_both,HEM3,0.4336251537195607
ESM3_sm_both,SPIKE,0.5143460579207396
ESM3_sm_both,MBD11,0.6622147571713697
ESM3_sm_both,A0A192B1T2,0.2574789148395383
ESM3_sm_both,BBC1,0.6225119807142261
ESM3_sm_both,P53,0.2743309556741999
ESM3_sm_both,PABP,0.6143709619064478
ESM3_sm_both,B2L11,0.31898803744481286
ESM3_sm_both,VKOR1,0.4825874040328279
ESM3_sm_both,DNJA1,0.6402885561540725
ESM3_sm_both,RS15,0.516174293051859
ESM3_sm_both,RNC,0.5647261750519971
ESM3_sm_both,CCR5,0.30157259481125553
ESM3_sm_both,NPC1,0.27092933947772657
ESM3_sm_both,HIS7,0.1972307217289124
ESM3_sm_both,Q2N0S5,0.34683712087510543
ESM3_sm_both,VILI,0.7492721802512826
ESM3_sm_both,MET,0.49518435229009156
ESM3_sm_both,AMFR,0.6910034797501005
ESM3_sm_both,RASH,0.46310636651772547
ESM3_sm_both,PR40A,0.7413605098964438
ESM3_sm_both,SRBS1,0.6521464690572351
ESM3_sm_both,NUD15,0.6696114659617936
ESM3_sm_both,GAL4,0.498953296060309
ESM3_sm_both,RPC1,0.10969803203934976
ESM3_sm_both,OBSCN,0.7802783017707794
ESM3_sm_both,CSN4,0.7127950927304383
ESM3_sm_both,Q837P5,0.41191250644360355
ESM3_sm_both,CAPSD,0.173336400115626
ESM3_sm_both,ENV,0.35873848852312973
ESM3_sm_both,YAIA,0.6817438117502119
ESM3_sm_both,LYAM1,0.27775207602278756
ESM3_sm_both,PSAE,0.5297141606387386
ESM3_sm_both,CCDB,0.40255867003723594
ESM3_sm_both,SPG1,0.39601168397542724
ESM3_sm_both,PIN1,0.7415773474786912
ESM3_sm_both,CAR11,0.30177609623360585
ESM3_sm_both,PITX2,0.6165310477578977
ESM3_sm_both,ANCSZ,0.5752915348970018
ESM3_sm_both,P53,0.2668877746089877
ESM3_sm_both,HXK4,0.4187384141176711
ESM3_sm_both,SRC,0.36871966796746375
ESM3_sm_both,BCHB,0.6262230585153703
ESM3_sm_both,F7YBW8,0.20080606922712183
ESM3_sm_both,TRPC,0.5916627909630688
ESM3_sm_both,POLG,0.19285861946571886
ESM3_sm_both,SC6A4,0.5225779936665148
ESM3_sm_both,DLG4,0.5582975316943509
ESM3_sm_both,SPG2,0.454329139330978
ESM3_sm_both,HSP82,0.3870113479557562
ESM3_sm_both,YNZC,0.6243030956338438
ESM3_sm_both,DYR,0.41230022566828517
ESM3_sm_both,HSP82,0.34826538184776246
ESM3_sm_both,PTEN,0.5391893129137298
ESM3_sm_both,SQSTM,0.7161991672625481
ESM3_sm_both,RASK,0.4993213167032024
ESM3_sm_both,BLAT,0.5379993228503294
ESM3_sm_both,ADRB2,0.4971774962869917
ESM3_sm_both,SYUA,0.0007450655697226521
ESM3_sm_both,PPARG,0.514539248858637
ESM3_sm_both,NUSG,0.6672585489135299
ESM3_sm_both,OXDA,0.39055560570399167
ESM3_sm_both,SUMO1,0.5737806162074185
ESM3_sm_both,PKN1,0.5736753474885432
ESM3_sm_both,MTHR,0.3791395936584417
ESM3_sm_both,RAF1,0.2686355632412517
ESM3_sm_both,RASK,0.20358559719255973
ESM3_sm_both,UBE4B,0.7472244490618404
ESM3_sm_both,RFAH,0.5126673183768828
ESM3_sm_both,A0A2Z5U3Z0,0.40606537798483866
ESM3_sm_both,TCRG1,0.7603441321209188
ESM3_sm_both,VRPI,0.6695465361874519
ESM3_sm_both,VKOR1,0.3743361566711943
ESM3_sm_both,PHOT,0.5955421953936297
ESM3_sm_both,C6KNH7,0.4423922442050124
ESM3_sm_both,GRB2,0.7050237408422839
ESM3_sm_both,NKX31,0.6009567108077224
ESM3_sm_both,RCD1,0.4853777583966436
ESM3_sm_both,CALM1,0.1988535113153808
ESM3_sm_both,SBI,0.7082317518898873
ESM3_sm_both,YAP1,0.5522260142942409
ESM3_sm_both,SERC,0.5252369792258197
ESM3_sm_both,TPOR,0.3298381511522409
ESM3_sm_both,KCNH2,0.3949763744093603
ESM3_sm_both,OTC,0.6645878082638548
ESM3_sm_both,AMIE,0.4729814682826881
ESM3_sm_both,CAS9,0.1429146231395111
ESM3_sm_both,Q837P4,0.5100182032522884
ESM3_sm_both,UBC9,0.482928238218181
ESM3_sm_both,HSP82,0.3101719591439436
ESM3_sm_both,SPIKE,0.44438529852030284
ESM3_sm_both,HXK4,0.4755043322447209
ESM3_sm_both,CCDB,0.4482987082524251
ESM3_sm_both,TPK1,0.2606781721542552
ESM3_sm_both,FECA,0.6800045936114617
ESM3_sm_both,NUSA,0.711931904520199
ESM3_sm_both,RPC1,0.03446645403607377
ESM3_sm_both,CASP3,0.5728792156858636
ESM3_sm_both,KCNE1,0.14650804756971217
ESM3_sm_both,ILF3,0.49980220956808785
ESM3_sm_both,F7YBW8,0.42419127988748245
ESM3_sm_both,SCIN,0.6048862318276501
ESM3_sm_both,RL20,0.5399990902207936
ESM3_sm_both,REV,0.27993506420281544
ESM3_sm_both,CASP7,0.6256805444081941
ESM3_sm_both,CUE1,0.6875625207438052
ESM3_sm_both,ERBB2,0.506132330956025
ESM3_sm_both,A4,
ESM3_sm_both,DN7A,0.6646775230426046
ESM3_sm_both,CBPA2,0.6852364255706662
ESM3_sm_both,VG08,0.6576592661251559
ESM3_sm_both,Q8WTC7,0.24876434951436996
ESM3_sm_both,ESTA,0.4750757530995109
ESM3_sm_both,LGK,0.43471530596987595
ESM3_sm_both,SAV1,0.7245913510007598
ESM3_sm_both,DLG4,0.6317800158307102
ESM3_sm_both,Q59976,0.578381158228463
ESM3_sm_both,MAFG,0.6932456403443368
ESM3_sm_both,A0A2Z5U3Z0,0.3498235137416994
ESM3_sm_both,D7PM05,0.43215973150031123
ESM3_sm_both,UBE4B,
ESM3_sm_both,AACC1,0.5188937654559145
ESM3_sm_both,KCNJ2,0.3110765937510377
ESM3_sm_both,DYR,0.43691522137501476
ESM3_sm_both,KCNJ2,0.3397871817191282
ESM3_sm_both,PPM1D,0.4916948769127436
ESM3_sm_both,RCRO,0.7622791544096268
ESM3_sm_both,CBS,0.3436708588826703
ESM3_sm_both,GFP,0.5074975198224607
ESM3_sm_both,A0A247D711,0.4508769788099842
ESM3_sm_both,ISDH,0.7206931622226921
ESM3_sm_both,RBP1,0.6303866739514904
ESM3_sm_both,CD19,0.291127543740589
ESM3_sm_both,MYO3,0.6682542708530296
ESM3_sm_both,PAI1,0.4538826785062787
ESM3_sm_both,TADBP,0.1077436037021648
ESM3_sm_both,Q53Z42,0.3354987461682939
ESM3_sm_both,RL40A,0.2588438547391947
ESM3_sm_both,CBX4,0.6026278996103481
ESM3_sm_both,PRKN,0.6109013793405248
ESM3_sm_both,BRCA1,0.45782483396246465
ESM3_sm_both,SRC,0.35427255965670434
ESM3_sm_both,RDRP,0.22411825943525282
ESM3_sm_both,RL40A,0.3472418378163674
ESM3_sm_both,ACE2,0.3339193893758059
ESM3_sm_both,MK01,0.1480957274405274
ESM3_sm_both,THO1,0.602562892720844
ESM3_sm_both,P84126,0.5764242435553928
ESM3_sm_both,S22A1,0.4993336258259284
ESM3_sm_both,NPC1,0.5735122763657015
ESM3_sm_both,NCAP,0.24918231228099527
ESM3_sm_both,I6TAH8,0.1833106072288659
ESM3_sm_both,MLAC,0.16277173798581338
ESM3_sm_both,GDIA,0.4368601323695223
ESM3_sm_both,P53,0.463384025069126
ESM3_sm_both,BLAT,0.7616526254709889
ESM3_sm_both,TRPC,-0.06285379116634517
ESM3_sm_both,TNKS2,0.7508209783003492
ESM3_sm_both,POLG,
ESM3_sm_both,P53,0.2781373428212167
ESM3_sm_both,SPG1,0.8276965140123035
ESM3_sm_both,S22A1,0.5585801270662591
ESM3_sm_both,SDA,0.7337580170568205
ESM3_sm_both,RPC1,0.7725560051928352
ESM3_sm_both,OTU7A,0.6814462674934516
ESM3_sm_both,SRC,0.4580422777415571
ESM3_sm_both,Q53Z42,0.5780616708223648
ESM3_sm_both,RL40A,0.22737614009115809
ESM3_sm_both,EPHB2,0.7873180596682142
ESM3_sm_both,NRAM,0.3957491459679962
ESM3_sm_both,KCNE1,0.1965623394191859
ESM3_sm_both,CAR11,0.4246683622946556
ESM3_sm_both,BLAT,0.7533624985807102
ESM3_sm_both,A4D664,0.2708136863311548
ESM3_sm_both,BLAT,0.6913692804354342
ESM3_sm_both,PTEN,0.4732759493731939
ESM3_sm_both,DOCK1,0.6833932198379755
ESM3_sm_both,POLG,0.0003567843369278019
ESM3_sm_both,RAD,0.38406907030768045
ESM3_sm_both,GLPA,0.40449616071938577
ESM3_sm_both,HECD1,0.5414777345783505
ESM3_sm_both,MSH2,0.38931491733783447
ESM3_sm_both,SPA,0.6639869635244289
ESM3_sm_both,TPMT,0.5573647960499388
ESM3_sm_both,TAT,0.2496014886162448
ESM3_sm_both,MTH3,0.5721911451579108
ESM3_sm_both,OXDA,0.33647285298359225
ESM3_sm_both,SR43C,0.7388751986779059
ESM3_sm_both,R1AB,0.4020749761652935
ESM3_sm_both,OPSD,0.581695295594796
ESM3_sm_both,CP2C9,0.6956640380353786
ESM3_sm_both,CATR,0.4405636906614783
ESM3_sm_both,IF1,0.5796703215084795
ESM3_sm_both,ENV,-0.15664622258282151
ESM3_sm_both,HMDH,0.4337102286066923
ESM3_sm_both,A0A1I9GEU1,0.02477698488226089
ESM3_sm_both,SPTN1,0.6693104262720742
ESM3_sm_both,KKA2,0.628049662355175
ESM3_sm_both,Q6WV12,0.22369555662064597
ESM3_sm_both,RD23A,0.6329682062295231
ESM3_sm_both,UBR5,0.6412568496759381
ESM3_sm_both,FKBP3,0.7089336166730165
ESM3_sm_both,ARGR,0.7306126042010822
ESM3_sm_both,SHOC2,0.2965540349912872
ESM3_sm_both,ODP2,0.5636886724509619
ESM3_sm_both,ENVZ,0.19639237086036684
ESM3_sm_both,CP2C9,0.6548433781964557
ESM3_sm_both,AICDA,0.33408060987802896
ESM3_sm_both,A4GRB6,0.6507018235593094
ESM3_sm_sequence,POLG,-0.14663081717281956
ESM3_sm_sequence,GCN4,0.3806818181818182
ESM3_sm_sequence,HCP,0.7474917691307037
ESM3_sm_sequence,SOX30,0.33165620238431726
ESM3_sm_sequence,PA,0.02578046645159045
ESM3_sm_sequence,SCN5A,0.14237698385192232
ESM3_sm_sequence,HEM3,0.43403113435014273
ESM3_sm_sequence,SPIKE,0.012510885399207803
ESM3_sm_sequence,MBD11,0.12428743469324448
ESM3_sm_sequence,A0A192B1T2,-0.004363548418357726
ESM3_sm_sequence,BBC1,0.5756595958034845
ESM3_sm_sequence,P53,-0.07668125068061854
ESM3_sm_sequence,PABP,0.6661422392568112
ESM3_sm_sequence,B2L11,0.19255988910668598
ESM3_sm_sequence,VKOR1,0.49151455974602126
ESM3_sm_sequence,DNJA1,0.5643803961957605
ESM3_sm_sequence,RS15,0.4238619947950666
ESM3_sm_sequence,RNC,0.6328569942919909
ESM3_sm_sequence,CCR5,0.35076140538604017
ESM3_sm_sequence,NPC1,0.7293586789554531
ESM3_sm_sequence,HIS7,0.08678860399753449
ESM3_sm_sequence,Q2N0S5,-0.0074215219310212275
ESM3_sm_sequence,VILI,0.18063230869364483
ESM3_sm_sequence,MET,0.5573569963247822
ESM3_sm_sequence,AMFR,0.6866697071087909
ESM3_sm_sequence,RASH,0.4810837455930834
ESM3_sm_sequence,PR40A,0.49033635698329064
ESM3_sm_sequence,SRBS1,0.6179541976418196
ESM3_sm_sequence,NUD15,0.5724608366365942
ESM3_sm_sequence,GAL4,0.4098512869812433
ESM3_sm_sequence,RPC1,0.08267259976303279
ESM3_sm_sequence,OBSCN,0.7599132437829852
ESM3_sm_sequence,CSN4,0.6657126195267649
ESM3_sm_sequence,Q837P5,0.3111484806050484
ESM3_sm_sequence,CAPSD,0.19654759055555385
ESM3_sm_sequence,ENV,-0.0971733742384327
ESM3_sm_sequence,YAIA,0.2901888178518827
ESM3_sm_sequence,LYAM1,0.33338289251275416
ESM3_sm_sequence,PSAE,0.4382611928537079
ESM3_sm_sequence,CCDB,0.4323318280360885
ESM3_sm_sequence,SPG1,0.26350113271695125
ESM3_sm_sequence,PIN1,0.7331766307754369
ESM3_sm_sequence,CAR11,0.3930671977451289
ESM3_sm_sequence,PITX2,0.5371955037713928
ESM3_sm_sequence,ANCSZ,0.6067117673773338
ESM3_sm_sequence,P53,-0.09238040384062639
ESM3_sm_sequence,HXK4,0.3917088399028437
ESM3_sm_sequence,SRC,0.4653312691935173
ESM3_sm_sequence,BCHB,0.5183346889265672
ESM3_sm_sequence,F7YBW8,0.320293978188715
ESM3_sm_sequence,TRPC,0.6698421353964092
ESM3_sm_sequence,POLG,-0.04838973280682768
ESM3_sm_sequence,SC6A4,0.5606021011852128
ESM3_sm_sequence,DLG4,0.5796986099452445
ESM3_sm_sequence,SPG2,0.3681233866909527
ESM3_sm_sequence,HSP82,0.48168742306625295
ESM3_sm_sequence,YNZC,0.5602637441759625
ESM3_sm_sequence,DYR,0.5079295503686362
ESM3_sm_sequence,HSP82,0.3864242664518984
ESM3_sm_sequence,PTEN,0.5483678321928165
ESM3_sm_sequence,SQSTM,0.32884599464206005
ESM3_sm_sequence,RASK,0.5854899668085813
ESM3_sm_sequence,BLAT,0.5355101167738077
ESM3_sm_sequence,ADRB2,0.5549511632963702
ESM3_sm_sequence,SYUA,0.18557523385394492
ESM3_sm_sequence,PPARG,0.5256860661242729
ESM3_sm_sequence,NUSG,0.5220813670050616
ESM3_sm_sequence,OXDA,0.35328036054372053
ESM3_sm_sequence,SUMO1,0.5464686946869082
ESM3_sm_sequence,PKN1,0.5539679481957134
ESM3_sm_sequence,MTHR,0.3741572060356087
ESM3_sm_sequence,RAF1,0.20873602005573444
ESM3_sm_sequence,RASK,0.15093058405242119
ESM3_sm_sequence,UBE4B,0.6887437260768537
ESM3_sm_sequence,RFAH,0.40235407015099506
ESM3_sm_sequence,A0A2Z5U3Z0,0.0464758664808375
ESM3_sm_sequence,TCRG1,0.746175577633166
ESM3_sm_sequence,VRPI,0.6335949795903876
ESM3_sm_sequence,VKOR1,0.44193201528471526
ESM3_sm_sequence,PHOT,0.6435880254198727
ESM3_sm_sequence,C6KNH7,-0.03036433755618241
ESM3_sm_sequence,GRB2,0.6728293834100099
ESM3_sm_sequence,NKX31,0.5242447481056552
ESM3_sm_sequence,RCD1,0.3591696993721729
ESM3_sm_sequence,CALM1,0.23767183900988448
ESM3_sm_sequence,SBI,0.5595237506240193
ESM3_sm_sequence,YAP1,0.5668630215976933
ESM3_sm_sequence,SERC,0.5510546568437611
ESM3_sm_sequence,TPOR,0.3239315046419916
ESM3_sm_sequence,KCNH2,0.35934748368709224
ESM3_sm_sequence,OTC,0.5852857847483839
ESM3_sm_sequence,AMIE,0.4746880517047628
ESM3_sm_sequence,CAS9,0.1361380450541887
ESM3_sm_sequence,Q837P4,0.5192964317491534
ESM3_sm_sequence,UBC9,0.5009664243833928
ESM3_sm_sequence,HSP82,0.33831116896670177
ESM3_sm_sequence,SPIKE,-0.022053312336030712
ESM3_sm_sequence,HXK4,0.5274552876230076
ESM3_sm_sequence,CCDB,0.4832434147495891
ESM3_sm_sequence,TPK1,0.2425411490089855
ESM3_sm_sequence,FECA,0.665681654775988
ESM3_sm_sequence,NUSA,0.5827027258816287
ESM3_sm_sequence,RPC1,0.03764175154319773
ESM3_sm_sequence,CASP3,0.5703821052293314
ESM3_sm_sequence,KCNE1,0.20909367786327843
ESM3_sm_sequence,ILF3,0.4050104472609629
ESM3_sm_sequence,F7YBW8,0.4037740271917487
ESM3_sm_sequence,SCIN,0.39971295316050753
ESM3_sm_sequence,RL20,0.40467157141017146
ESM3_sm_sequence,REV,0.049457173505740866
ESM3_sm_sequence,CASP7,0.648140386448347
ESM3_sm_sequence,CUE1,0.5606775710366398
ESM3_sm_sequence,ERBB2,0.4837797315593023
ESM3_sm_sequence,A4,0.004973590758651094
ESM3_sm_sequence,DN7A,0.38139514971020494
ESM3_sm_sequence,CBPA2,0.4519632521927723
ESM3_sm_sequence,VG08,0.6267756114570601
ESM3_sm_sequence,Q8WTC7,0.01802267534973404
ESM3_sm_sequence,ESTA,0.29578788164671405
ESM3_sm_sequence,LGK,0.4137522717292364
ESM3_sm_sequence,SAV1,0.6802925804935603
ESM3_sm_sequence,DLG4,0.6412055564656729
ESM3_sm_sequence,Q59976,0.5999904978072019
ESM3_sm_sequence,MAFG,0.5975810742858099
ESM3_sm_sequence,A0A2Z5U3Z0,0.08907810183414445
ESM3_sm_sequence,D7PM05,0.13701838898420687
ESM3_sm_sequence,UBE4B,
ESM3_sm_sequence,AACC1,0.521980790321189
ESM3_sm_sequence,KCNJ2,0.369645831943853
ESM3_sm_sequence,DYR,0.5285091056796226
ESM3_sm_sequence,KCNJ2,0.3867442021204458
ESM3_sm_sequence,PPM1D,0.5068469225701261
ESM3_sm_sequence,RCRO,0.47127870780836356
ESM3_sm_sequence,CBS,0.3885218304476989
ESM3_sm_sequence,GFP,0.25504987510908844
ESM3_sm_sequence,A0A247D711,0.09941493529782891
ESM3_sm_sequence,ISDH,0.33626634764258256
ESM3_sm_sequence,RBP1,0.5151546514548501
ESM3_sm_sequence,CD19,0.07413290027754411
ESM3_sm_sequence,MYO3,0.6050525723771483
ESM3_sm_sequence,PAI1,0.47340115374812425
ESM3_sm_sequence,TADBP,0.061748681887896575
ESM3_sm_sequence,Q53Z42,0.3775904721166658
ESM3_sm_sequence,RL40A,0.31754552980685463
ESM3_sm_sequence,CBX4,0.5704654051804839
ESM3_sm_sequence,PRKN,0.4825386683119896
ESM3_sm_sequence,BRCA1,0.44294435961316636
ESM3_sm_sequence,SRC,0.4643432291889594
ESM3_sm_sequence,RDRP,0.05531998534419319
ESM3_sm_sequence,RL40A,0.28863483736978124
ESM3_sm_sequence,ACE2,0.30326055571799565
ESM3_sm_sequence,MK01,0.1839059505725872
ESM3_sm_sequence,THO1,0.515853828568611
ESM3_sm_sequence,P84126,0.6125928854446131
ESM3_sm_sequence,S22A1,0.5214150001964155
ESM3_sm_sequence,NPC1,0.6420302905571054
ESM3_sm_sequence,NCAP,0.021303363698867754
ESM3_sm_sequence,I6TAH8,0.011435898086874483
ESM3_sm_sequence,MLAC,0.3016496262771843
ESM3_sm_sequence,GDIA,0.469153779447059
ESM3_sm_sequence,P53,0.15448234564061297
ESM3_sm_sequence,BLAT,0.7571972409388976
ESM3_sm_sequence,TRPC,0.011617523850666075
ESM3_sm_sequence,TNKS2,0.6813092960229391
ESM3_sm_sequence,POLG,
ESM3_sm_sequence,P53,-0.0736152391274932
ESM3_sm_sequence,SPG1,0.5648120300751879
ESM3_sm_sequence,S22A1,0.6042166759737068
ESM3_sm_sequence,SDA,0.6346046935553613
ESM3_sm_sequence,RPC1,0.7396381029039104
ESM3_sm_sequence,OTU7A,0.6435625082309029
ESM3_sm_sequence,SRC,0.5589058585447706
ESM3_sm_sequence,Q53Z42,0.6104344453901752
ESM3_sm_sequence,RL40A,0.2860713576365894
ESM3_sm_sequence,EPHB2,0.6969965894251612
ESM3_sm_sequence,NRAM,-0.041073571566714255
ESM3_sm_sequence,KCNE1,0.22639619702654545
ESM3_sm_sequence,CAR11,0.48959945739345323
ESM3_sm_sequence,BLAT,0.7515643288169733
ESM3_sm_sequence,A4D664,0.03886072710689183
ESM3_sm_sequence,BLAT,0.6981713703182809
ESM3_sm_sequence,PTEN,0.4543798867255752
ESM3_sm_sequence,DOCK1,0.6207773048621501
ESM3_sm_sequence,POLG,-0.02790803195420001
ESM3_sm_sequence,RAD,0.36343495964547406
ESM3_sm_sequence,GLPA,0.4239985638397703
ESM3_sm_sequence,HECD1,0.3344435233308543
ESM3_sm_sequence,MSH2,0.4091043878506836
ESM3_sm_sequence,SPA,0.3985938988714197
ESM3_sm_sequence,TPMT,0.5470078593821084
ESM3_sm_sequence,TAT,-0.0022198445359185425
ESM3_sm_sequence,MTH3,0.5814180465321367
ESM3_sm_sequence,OXDA,0.3702093685379926
ESM3_sm_sequence,SR43C,0.7210305836732448
ESM3_sm_sequence,R1AB,0.06434284771376003
ESM3_sm_sequence,OPSD,0.5650629124034943
ESM3_sm_sequence,CP2C9,0.7242950617509556
ESM3_sm_sequence,CATR,0.4111455094771393
ESM3_sm_sequence,IF1,0.5755972142550158
ESM3_sm_sequence,ENV,-0.014830417380888463
ESM3_sm_sequence,HMDH,0.5477453030730007
ESM3_sm_sequence,A0A1I9GEU1,0.01452214732746308
ESM3_sm_sequence,SPTN1,0.6356862996416851
ESM3_sm_sequence,KKA2,0.6089342458452083
ESM3_sm_sequence,Q6WV12,0.10977874994880323
ESM3_sm_sequence,RD23A,0.5803296965141863
ESM3_sm_sequence,UBR5,0.31389408852869555
ESM3_sm_sequence,FKBP3,0.16608429471798677
ESM3_sm_sequence,ARGR,0.6009883122940125
ESM3_sm_sequence,SHOC2,0.2735302146731273
ESM3_sm_sequence,ODP2,0.5119617000521411
ESM3_sm_sequence,ENVZ,0.20754268309923254
ESM3_sm_sequence,CP2C9,0.6585731646285569
ESM3_sm_sequence,AICDA,0.1047843460198627
ESM3_sm_sequence,A4GRB6,0.7254693358607687
ISM_650M,POLG,0.1577888107235165
ISM_650M,GCN4,0.5391042780748664
ISM_650M,HCP,0.7622769194924865
ISM_650M,SOX30,0.3987101018995448
ISM_650M,PA,-0.11957444778397977
ISM_650M,SCN5A,0.11651200172740876
ISM_650M,HEM3,0.402682977639771
ISM_650M,SPIKE,0.11089955547188464
ISM_650M,MBD11,0.5587279140054803
ISM_650M,A0A192B1T2,0.051580856929682305
ISM_650M,BBC1,0.5335883610441348
ISM_650M,P53,0.48873454323194715
ISM_650M,PABP,0.6662425403129892
ISM_650M,B2L11,0.2790908702316181
ISM_650M,VKOR1,0.5155377572103639
ISM_650M,DNJA1,0.5561781185746862
ISM_650M,RS15,0.442060563800517
ISM_650M,RNC,0.543327895825054
ISM_650M,CCR5,0.3604829422792906
ISM_650M,NPC1,0.6026305683563749
ISM_650M,HIS7,0.08485248822539773
ISM_650M,Q2N0S5,0.018239739284619822
ISM_650M,A0A140D2T1,0.08423936094567468
ISM_650M,VILI,0.6531091884559017
ISM_650M,MET,0.5654570843099143
ISM_650M,AMFR,0.59503084677619
ISM_650M,RASH,0.3780831294509969
ISM_650M,PR40A,0.6224433442674464
ISM_650M,SRBS1,0.619862285755638
ISM_650M,NUD15,0.6233465327609541
ISM_650M,GAL4,0.5667058606990815
ISM_650M,RPC1,0.11912243462553361
ISM_650M,OBSCN,0.6527227430297516
ISM_650M,CSN4,0.5328898759682679
ISM_650M,Q837P5,0.326170936559819
ISM_650M,CAPSD,0.12834985992663153
ISM_650M,ENV,
ISM_650M,YAIA,0.30493105874769616
ISM_650M,LYAM1,0.3334421560408702
ISM_650M,PSAE,0.5863375037769436
ISM_650M,CCDB,0.39715446507117613
ISM_650M,SPG1,0.27818035968401283
ISM_650M,PIN1,0.6606345598650825
ISM_650M,CAR11,0.28699298222818087
ISM_650M,PITX2,0.4876023808541127
ISM_650M,ANCSZ,0.5989060838135278
ISM_650M,P53,0.5323684668306193
ISM_650M,HXK4,0.38972297114729143
ISM_650M,SRC,0.44523264928872414
ISM_650M,BCHB,0.47323065719951507
ISM_650M,F7YBW8,0.33285917496443806
ISM_650M,TRPC,0.6462803677342158
ISM_650M,POLG,0.015601425201519458
ISM_650M,SC6A4,0.5574179239412808
ISM_650M,DLG4,0.5129099146005207
ISM_650M,SPG2,0.3181286237329084
ISM_650M,HSP82,0.48731375242272995
ISM_650M,YNZC,0.5560388460644214
ISM_650M,DYR,0.4419149526445271
ISM_650M,HSP82,0.33801284410517346
ISM_650M,PTEN,0.5382330999059568
ISM_650M,SQSTM,0.6346517063959722
ISM_650M,RASK,0.4869820087530458
ISM_650M,BLAT,0.515860923291344
ISM_650M,ADRB2,0.5411675630849875
ISM_650M,SYUA,0.1758110001448064
ISM_650M,PPARG,0.6674436730973443
ISM_650M,NUSG,0.6686003379451578
ISM_650M,OXDA,0.3249727227923186
ISM_650M,SUMO1,0.4956978031113912
ISM_650M,PKN1,0.29880133652269225
ISM_650M,MTHR,0.35308667348250944
ISM_650M,BRCA2,0.47797946839654887
ISM_650M,RAF1,0.4335578126204901
ISM_650M,RASK,0.20499912377356705
ISM_650M,UBE4B,0.5031365144973073
ISM_650M,RFAH,0.2990592714263142
ISM_650M,A0A2Z5U3Z0,0.5416243521331349
ISM_650M,TCRG1,0.7072978377871881
ISM_650M,VRPI,0.6255459455815321
ISM_650M,VKOR1,0.43119665575561217
ISM_650M,PHOT,0.6017701506868185
ISM_650M,C6KNH7,0.5376500562271614
ISM_650M,GRB2,0.7274563191758289
ISM_650M,NKX31,0.5865979480124659
ISM_650M,RCD1,0.49923707625617886
ISM_650M,CALM1,0.27097850642248106
ISM_650M,SBI,0.32701347659035795
ISM_650M,YAP1,0.596882521333409
ISM_650M,SERC,0.5445123759137361
ISM_650M,TPOR,0.3389894612151496
ISM_650M,KCNH2,0.25199729993249836
ISM_650M,OTC,0.5725786409349806
ISM_650M,AMIE,0.5225547419998103
ISM_650M,CAS9,0.17925613641091
ISM_650M,Q837P4,0.5194476507807153
ISM_650M,UBC9,0.5315159029448248
ISM_650M,HSP82,0.34682408878582066
ISM_650M,SPIKE,0.06092632989633828
ISM_650M,HXK4,0.5431076063437573
ISM_650M,CCDB,0.4831824909224513
ISM_650M,TPK1,0.28443189844088046
ISM_650M,FECA,0.5016543758521517
ISM_650M,NUSA,0.5190160445155555
ISM_650M,RPC1,0.08153654188387348
ISM_650M,CASP3,0.6379887243060417
ISM_650M,KCNE1,0.08928409595028472
ISM_650M,ILF3,0.4310638333983944
ISM_650M,F7YBW8,0.23173933427097987
ISM_650M,SCIN,0.29854461997706533
ISM_650M,RL20,0.4407884599789149
ISM_650M,REV,0.31827293424561853
ISM_650M,CASP7,0.6443342019122233
ISM_650M,CUE1,0.45324441034963114
ISM_650M,ERBB2,0.5297829293647446
ISM_650M,A4,
ISM_650M,DN7A,0.29313508540879274
ISM_650M,CBPA2,0.5182238871023728
ISM_650M,VG08,0.6533055662470635
ISM_650M,Q8WTC7,0.32955549611011553
ISM_650M,ESTA,0.3775763478675002
ISM_650M,LGK,0.5450243336209938
ISM_650M,SAV1,0.6129240492839778
ISM_650M,DLG4,0.4955893832361775
ISM_650M,Q59976,0.583117422706694
ISM_650M,MAFG,0.510158335055675
ISM_650M,A0A2Z5U3Z0,0.4760357499970691
ISM_650M,D7PM05,0.42564482417586025
ISM_650M,UBE4B,
ISM_650M,AACC1,0.4399127403630903
ISM_650M,KCNJ2,0.37220089664549055
ISM_650M,DYR,0.5028673556246526
ISM_650M,KCNJ2,0.3487319433199416
ISM_650M,PPM1D,0.6170550795361781
ISM_650M,RCRO,0.6441134388304293
ISM_650M,CBS,0.37409226138159535
ISM_650M,GFP,0.4610051274823737
ISM_650M,A0A247D711,0.06034683136168857
ISM_650M,ISDH,0.32350447888980544
ISM_650M,RBP1,0.5883922463237105
ISM_650M,CD19,0.0773971676108058
ISM_650M,MYO3,0.5316872945140823
ISM_650M,PAI1,0.44754393342289256
ISM_650M,TADBP,0.03153077976282977
ISM_650M,Q53Z42,0.29935571950854173
ISM_650M,RL40A,0.34938151245163845
ISM_650M,CBX4,0.6449788444551015
ISM_650M,PRKN,0.5367296535053606
ISM_650M,BRCA1,0.5166935945917571
ISM_650M,SRC,0.45599824620889207
ISM_650M,RDRP,0.259393209969221
ISM_650M,RL40A,0.21074782077203086
ISM_650M,ACE2,0.2556741263792298
ISM_650M,MK01,0.1468158832812115
ISM_650M,THO1,0.4862163113422413
ISM_650M,P84126,0.6312329675414671
ISM_650M,S22A1,0.5264300759642382
ISM_650M,NPC1,0.6531163325010337
ISM_650M,NCAP,0.018933590459878448
ISM_650M,I6TAH8,0.016567584327566966
ISM_650M,MLAC,0.3629605801130836
ISM_650M,GDIA,0.4359333920962422
ISM_650M,P53,0.6972647142736713
ISM_650M,BLAT,0.7224601825940113
ISM_650M,TRPC,-0.011267046499666145
ISM_650M,TNKS2,0.5829508679129983
ISM_650M,POLG,
ISM_650M,P53,0.483436935518106
ISM_650M,SPG1,0.3535475051264525
ISM_650M,S22A1,0.6090919232439416
ISM_650M,SDA,0.6322309770847554
ISM_650M,RPC1,0.675425724815647
ISM_650M,OTU7A,0.5186337802352409
ISM_650M,SRC,0.5188080414908905
ISM_650M,Q53Z42,0.49668670674054294
ISM_650M,RL40A,0.288278028080825
ISM_650M,EPHB2,0.6537980547016885
ISM_650M,NRAM,0.4952288252550872
ISM_650M,KCNE1,0.5447525240340638
ISM_650M,CAR11,0.46266888288541425
ISM_650M,BLAT,0.7185527427054873
ISM_650M,A4D664,0.1609314733484735
ISM_650M,BLAT,0.6837368565244241
ISM_650M,PTEN,0.494680541144964
ISM_650M,DOCK1,0.580812605422864
ISM_650M,POLG,-0.09281066858534423
ISM_650M,RAD,0.25652789652781893
ISM_650M,GLPA,0.3985622077699533
ISM_650M,HECD1,0.680143132304474
ISM_650M,MSH2,0.39853929175995334
ISM_650M,SPA,0.24612355666934765
ISM_650M,TPMT,0.5462534862100166
ISM_650M,TAT,-0.005748244371979435
ISM_650M,MTH3,0.5292063976183166
ISM_650M,OXDA,0.352475027337004
ISM_650M,SR43C,0.5647065886427117
ISM_650M,R1AB,0.41201113921454013
ISM_650M,OPSD,0.5005770309619855
ISM_650M,CP2C9,0.6890381557352029
ISM_650M,CATR,0.4376754099095671
ISM_650M,IF1,0.5679403706238938
ISM_650M,ENV,-0.15099231647859476
ISM_650M,HMDH,0.5385728993190417
ISM_650M,A0A1I9GEU1,0.03901046818926662
ISM_650M,SPTN1,0.5613804395182983
ISM_650M,KKA2,0.5961829242197291
ISM_650M,Q6WV12,0.139054856205118
ISM_650M,RD23A,0.6152178600719037
ISM_650M,UBR5,0.4890226079144805
ISM_650M,FKBP3,0.257377055457724
ISM_650M,ARGR,0.48752249058219715
ISM_650M,SHOC2,0.424644187928369
ISM_650M,ODP2,0.5292423652794805
ISM_650M,ENVZ,0.17855223928034586
ISM_650M,CP2C9,0.6334678842943008
ISM_650M,AICDA,0.29947989490851223
ISM_650M,A4GRB6,0.7126995123622564
ProteinMPNN,POLG,0.05120481318619473
ProteinMPNN,GCN4,0.4344919786096257
ProteinMPNN,HCP,0.6902522312584638
ProteinMPNN,SOX30,0.5839531707653418
ProteinMPNN,PA,-0.22210349503167182
ProteinMPNN,SCN5A,-0.006128586063765024
ProteinMPNN,HEM3,0.2708315399698385
ProteinMPNN,SPIKE,0.6050906689448693
ProteinMPNN,MBD11,0.6347497087417809
ProteinMPNN,A0A192B1T2,0.34692092770119415
ProteinMPNN,BBC1,0.709545196604678
ProteinMPNN,P53,0.3675524877551553
ProteinMPNN,PABP,0.2600141898477892
ProteinMPNN,B2L11,0.10305628324204177
ProteinMPNN,VKOR1,0.503817338807723
ProteinMPNN,DNJA1,0.6793788571904518
ProteinMPNN,RS15,0.5984526542537629
ProteinMPNN,RNC,0.2644903538940846
ProteinMPNN,CCR5,0.3109124813487153
ProteinMPNN,NPC1,0.47945468509984646
ProteinMPNN,HIS7,0.1359735372206794
ProteinMPNN,Q2N0S5,0.40349614075122175
ProteinMPNN,VILI,0.6961154534614666
ProteinMPNN,MET,0.3233184182989353
ProteinMPNN,AMFR,0.7439647604705089
ProteinMPNN,RASH,0.35402045047357095
ProteinMPNN,PR40A,0.6731752959662889
ProteinMPNN,SRBS1,0.6897368116813181
ProteinMPNN,NUD15,0.5023358849294971
ProteinMPNN,GAL4,0.3423993680829909
ProteinMPNN,RPC1,0.022544140254369967
ProteinMPNN,OBSCN,0.7527295459254695
ProteinMPNN,CSN4,0.7320026498702148
ProteinMPNN,Q837P5,0.32855753849363994
ProteinMPNN,CAPSD,0.30911372302986934
ProteinMPNN,ENV,0.24576102316563372
ProteinMPNN,YAIA,0.6005717696190729
ProteinMPNN,LYAM1,0.2383296399533185
ProteinMPNN,PSAE,0.5323165336160076
ProteinMPNN,CCDB,0.3283434465067829
ProteinMPNN,SPG1,0.19512126742463798
ProteinMPNN,PIN1,0.700924352419431
ProteinMPNN,CAR11,0.3287373449242165
ProteinMPNN,PITX2,0.6759341007357033
ProteinMPNN,ANCSZ,0.3929842684873411
ProteinMPNN,P53,0.44564108780156525
ProteinMPNN,HXK4,0.3703386515014578
ProteinMPNN,SRC,0.18107575429112965
ProteinMPNN,BCHB,0.6962876405856148
ProteinMPNN,F7YBW8,-0.20531057373162634
ProteinMPNN,TRPC,0.1956638703324867
ProteinMPNN,POLG,-0.03519090890576104
ProteinMPNN,SC6A4,0.5038704844580478
ProteinMPNN,DLG4,0.3570133960617477
ProteinMPNN,SPG2,0.33859476342062206
ProteinMPNN,HSP82,0.06955791194101318
ProteinMPNN,YNZC,0.623254824541847
ProteinMPNN,DYR,0.19276573377190356
ProteinMPNN,HSP82,0.15596792980268367
ProteinMPNN,PTEN,0.4008680555154263
ProteinMPNN,SQSTM,0.6117115274896469
ProteinMPNN,RASK,0.3082988623026221
ProteinMPNN,BLAT,0.4393351506207927
ProteinMPNN,ADRB2,0.42546812209968843
ProteinMPNN,SYUA,-0.11105296701549033
ProteinMPNN,PPARG,0.5842546948371464
ProteinMPNN,NUSG,0.7529847493713288
ProteinMPNN,OXDA,0.3702488793314152
ProteinMPNN,SUMO1,0.4890054743149412
ProteinMPNN,PKN1,0.5365086382710542
ProteinMPNN,MTHR,0.2248789183130342
ProteinMPNN,BRCA2,0.6037168392679814
ProteinMPNN,RAF1,0.22856206236491863
ProteinMPNN,RASK,0.3261614747215884
ProteinMPNN,UBE4B,0.7357083851105837
ProteinMPNN,RFAH,0.4774436693149208
ProteinMPNN,A0A2Z5U3Z0,0.42868063005510004
ProteinMPNN,TCRG1,0.758745434529563
ProteinMPNN,VRPI,0.656198746210798
ProteinMPNN,VKOR1,0.2019967315812241
ProteinMPNN,PHOT,0.4088194434901783
ProteinMPNN,C6KNH7,0.5328957526512799
ProteinMPNN,GRB2,0.7192469329007062
ProteinMPNN,NKX31,0.6915088504273622
ProteinMPNN,RCD1,0.47436908811242606
ProteinMPNN,CALM1,0.10197001540428688
ProteinMPNN,SBI,0.7132859412886892
ProteinMPNN,YAP1,0.43936330966053355
ProteinMPNN,SERC,0.3439793117884069
ProteinMPNN,TPOR,0.2807953607023752
ProteinMPNN,KCNH2,0.31027975699392485
ProteinMPNN,OTC,0.6030920490194264
ProteinMPNN,AMIE,0.3972290188527869
ProteinMPNN,CAS9,0.14044572822235604
ProteinMPNN,Q837P4,0.31633274250589344
ProteinMPNN,UBC9,0.34432706503343796
ProteinMPNN,HSP82,0.03322533381259401
ProteinMPNN,SPIKE,0.5350243334312624
ProteinMPNN,HXK4,0.33293588385710166
ProteinMPNN,CCDB,0.29203330421668583
ProteinMPNN,TPK1,0.18905119448406274
ProteinMPNN,FECA,0.7068334177217873
ProteinMPNN,NUSA,0.6904722900509438
ProteinMPNN,RPC1,-0.0595832461359084
ProteinMPNN,CASP3,0.413407225956935
ProteinMPNN,KCNE1,0.15782352485150392
ProteinMPNN,ILF3,0.40662181303840256
ProteinMPNN,F7YBW8,0.3082981715893109
ProteinMPNN,SCIN,0.5592078692968445
ProteinMPNN,RL20,0.6302448004585015
ProteinMPNN,REV,0.2621519022273946
ProteinMPNN,CASP7,0.5140542976787781
ProteinMPNN,CUE1,0.637119910457027
ProteinMPNN,ERBB2,0.4871453503450458
ProteinMPNN,A4,
ProteinMPNN,DN7A,0.641917170209215
ProteinMPNN,CBPA2,0.6586868693960449
ProteinMPNN,VG08,0.573259588493966
ProteinMPNN,Q8WTC7,0.24245303236247276
ProteinMPNN,ESTA,0.5567460670355179
ProteinMPNN,LGK,0.3425787273833379
ProteinMPNN,SAV1,0.5767531408147603
ProteinMPNN,DLG4,0.5426741510104995
ProteinMPNN,Q59976,0.3878944788063345
ProteinMPNN,MAFG,0.5786904501649346
ProteinMPNN,A0A2Z5U3Z0,0.34734897003878046
ProteinMPNN,D7PM05,0.40663120659337176
ProteinMPNN,UBE4B,
ProteinMPNN,AACC1,0.2751426214046531
ProteinMPNN,KCNJ2,0.1887976456256729
ProteinMPNN,DYR,0.24190633155215865
ProteinMPNN,KCNJ2,0.2824128294282923
ProteinMPNN,PPM1D,0.4944495997614728
ProteinMPNN,RCRO,0.7272219537957909
ProteinMPNN,CBS,0.2052263803348547
ProteinMPNN,GFP,0.4833539376919485
ProteinMPNN,A0A247D711,0.4275430139396527
ProteinMPNN,ISDH,0.6143369406065181
ProteinMPNN,RBP1,0.5652320742844862
ProteinMPNN,CD19,0.3346984208783938
ProteinMPNN,MYO3,0.6022545176699768
ProteinMPNN,PAI1,0.3774383027305876
ProteinMPNN,TADBP,0.20699396158354633
ProteinMPNN,Q53Z42,0.373551063078177
ProteinMPNN,RL40A,0.02405746986847871
ProteinMPNN,CBX4,0.6781692909838358
ProteinMPNN,PRKN,0.6691421010623982
ProteinMPNN,BRCA1,0.42348387121102465
ProteinMPNN,SRC,0.1692704768834478
ProteinMPNN,RDRP,0.20936145123186836
ProteinMPNN,RL40A,0.2799136744658712
ProteinMPNN,ACE2,0.32798812532055643
ProteinMPNN,MK01,0.038630571893658275
ProteinMPNN,THO1,0.6498604462150446
ProteinMPNN,P84126,0.2120102919879504
ProteinMPNN,S22A1,0.3993701372639663
ProteinMPNN,NPC1,0.5397192731982211
ProteinMPNN,NCAP,0.26699253901431247
ProteinMPNN,I6TAH8,0.2117884805720203
ProteinMPNN,MLAC,-0.025802700364192493
ProteinMPNN,GDIA,0.3663218325982514
ProteinMPNN,P53,0.4572169120059495
ProteinMPNN,BLAT,0.625035610783847
ProteinMPNN,TRPC,-0.13249456245237856
ProteinMPNN,TNKS2,0.7661165580751474
ProteinMPNN,POLG,
ProteinMPNN,P53,0.38464747122996346
ProteinMPNN,SPG1,0.732987012987013
ProteinMPNN,S22A1,0.4666953284098943
ProteinMPNN,SDA,0.7161059883394187
ProteinMPNN,RPC1,0.7145582720407652
ProteinMPNN,OTU7A,0.6359167784819707
ProteinMPNN,SRC,0.2452334125968119
ProteinMPNN,Q53Z42,0.4324755202652116
ProteinMPNN,RL40A,0.01767893309638013
ProteinMPNN,EPHB2,0.7737305043988957
ProteinMPNN,NRAM,0.4927524895426851
ProteinMPNN,KCNE1,0.1344739233370007
ProteinMPNN,CAR11,0.41289716828343914
ProteinMPNN,BLAT,0.620809807369237
ProteinMPNN,A4D664,0.25096424054886507
ProteinMPNN,BLAT,0.5591983696530093
ProteinMPNN,PTEN,0.4722464124636188
ProteinMPNN,DOCK1,0.6881758948863727
ProteinMPNN,POLG,0.3356615028189967
ProteinMPNN,RAD,0.5960865507450602
ProteinMPNN,GLPA,0.3361161657785866
ProteinMPNN,HECD1,0.5700437820017411
ProteinMPNN,MSH2,0.250425614102676
ProteinMPNN,SPA,0.6514718690481874
ProteinMPNN,TPMT,0.4458965831787085
ProteinMPNN,TAT,0.29672843458995707
ProteinMPNN,MTH3,0.4394348290381041
ProteinMPNN,OXDA,0.2792358674716944
ProteinMPNN,SR43C,0.7571481859635446
ProteinMPNN,R1AB,0.4273840794945791
ProteinMPNN,OPSD,0.5946544492827185
ProteinMPNN,CP2C9,0.599801380536588
ProteinMPNN,CATR,0.40416038108698155
ProteinMPNN,IF1,0.27082977083486076
ProteinMPNN,ENV,-0.08692187327438118
ProteinMPNN,HMDH,0.2889108865666254
ProteinMPNN,A0A1I9GEU1,0.07917425279229273
ProteinMPNN,SPTN1,0.6686262740381756
ProteinMPNN,KKA2,0.4730921648129775
ProteinMPNN,Q6WV12,0.30257875033656584
ProteinMPNN,RD23A,0.5926575373300078
ProteinMPNN,UBR5,0.5558691350081177
ProteinMPNN,FKBP3,0.6956595594512304
ProteinMPNN,ARGR,0.7386278325997038
ProteinMPNN,SHOC2,0.2611328661242018
ProteinMPNN,ODP2,0.6918498589461863
ProteinMPNN,ENVZ,0.015784072822186728
ProteinMPNN,CP2C9,0.5683454478194847
ProteinMPNN,AICDA,0.2804904541328662
ProteinMPNN,A4GRB6,0.6358326336878581
SolubleMPNN,POLG,-0.02615249528289188
SolubleMPNN,GCN4,0.3649732620320856
SolubleMPNN,HCP,0.6867504286922205
SolubleMPNN,SOX30,0.5698830395989812
SolubleMPNN,PA,-0.23241859429704734
SolubleMPNN,SCN5A,0.04114640861190673
SolubleMPNN,HEM3,0.27427997339329285
SolubleMPNN,SPIKE,0.5939023960543106
SolubleMPNN,MBD11,0.6036293278004072
SolubleMPNN,A0A192B1T2,0.34322306841371064
SolubleMPNN,BBC1,0.7042183296719674
SolubleMPNN,P53,0.3596569497652692
SolubleMPNN,PABP,0.26682339672346567
SolubleMPNN,B2L11,0.06515226458069993
SolubleMPNN,VKOR1,0.2932295466570682
SolubleMPNN,DNJA1,0.6806793700676416
SolubleMPNN,RS15,0.5826552544139936
SolubleMPNN,RNC,0.25472791770089004
SolubleMPNN,CCR5,0.19998366789401928
SolubleMPNN,NPC1,0.38599270353302617
SolubleMPNN,HIS7,0.18260482232083608
SolubleMPNN,Q2N0S5,0.39644747831680693
SolubleMPNN,VILI,0.6705527816242662
SolubleMPNN,MET,0.31768657000112277
SolubleMPNN,AMFR,0.6584004075106539
SolubleMPNN,RASH,0.34997714686047976
SolubleMPNN,PR40A,0.624667762971748
SolubleMPNN,SRBS1,0.7024311484522823
SolubleMPNN,NUD15,0.477466896582605
SolubleMPNN,GAL4,0.29284365164365794
SolubleMPNN,RPC1,0.06279552059616288
SolubleMPNN,OBSCN,0.7428328992447577
SolubleMPNN,CSN4,0.7497904613393153
SolubleMPNN,Q837P5,0.23926049281785428
SolubleMPNN,CAPSD,0.3302121969470374
SolubleMPNN,ENV,0.27297679546433024
SolubleMPNN,YAIA,0.5427987851674924
SolubleMPNN,LYAM1,0.061142194925265514
SolubleMPNN,PSAE,0.5220238627979545
SolubleMPNN,CCDB,0.2930494641894848
SolubleMPNN,SPG1,0.32350279336778276
SolubleMPNN,PIN1,0.6861725542724476
SolubleMPNN,CAR11,0.31611170159483304
SolubleMPNN,PITX2,0.6671775278225095
SolubleMPNN,ANCSZ,0.37474005473659405
SolubleMPNN,P53,0.4380248833391512
SolubleMPNN,HXK4,0.35992838400816785
SolubleMPNN,SRC,0.14619540551295668
SolubleMPNN,BCHB,0.67137655630976
SolubleMPNN,F7YBW8,-0.14414414414414414
SolubleMPNN,TRPC,0.19075763807912807
SolubleMPNN,POLG,-0.021672207217560614
SolubleMPNN,SC6A4,0.4017645711588316
SolubleMPNN,DLG4,0.3461594406921325
SolubleMPNN,SPG2,0.37791075177379324
SolubleMPNN,HSP82,0.05903992584937354
SolubleMPNN,YNZC,0.6513370632337714
SolubleMPNN,DYR,0.20149999074928795
SolubleMPNN,HSP82,0.15597400329701783
SolubleMPNN,PTEN,0.39633301280610134
SolubleMPNN,SQSTM,0.6769717852784533
SolubleMPNN,RASK,0.29682350577469624
SolubleMPNN,BLAT,0.40615693544763076
SolubleMPNN,ADRB2,0.2813867731224751
SolubleMPNN,SYUA,-0.10282094394902264
SolubleMPNN,PPARG,0.5815409400189104
SolubleMPNN,NUSG,0.7812520279488062
SolubleMPNN,OXDA,0.36749660232480985
SolubleMPNN,SUMO1,0.4874073170348949
SolubleMPNN,PKN1,0.5224782180206047
SolubleMPNN,MTHR,0.22667519278343795
SolubleMPNN,BRCA2,0.5328847418718323
SolubleMPNN,RAF1,0.20642521986796064
SolubleMPNN,RASK,0.3418904264411024
SolubleMPNN,UBE4B,0.721462661777962
SolubleMPNN,RFAH,0.4900188496540933
SolubleMPNN,A0A2Z5U3Z0,0.4150233932024149
SolubleMPNN,TCRG1,0.7612371579310784
SolubleMPNN,VRPI,0.6628777016237314
SolubleMPNN,VKOR1,0.1630164785712778
SolubleMPNN,PHOT,0.37329260961529237
SolubleMPNN,C6KNH7,0.5237876522454505
SolubleMPNN,GRB2,0.7278357145817002
SolubleMPNN,NKX31,0.6919811817419862
SolubleMPNN,RCD1,0.48196869973931644
SolubleMPNN,CALM1,0.10365511761267382
SolubleMPNN,SBI,0.7259828862680073
SolubleMPNN,YAP1,0.42211444828345535
SolubleMPNN,SERC,0.31583965010170234
SolubleMPNN,TPOR,0.16189647491760822
SolubleMPNN,KCNH2,-0.016867921698042455
SolubleMPNN,OTC,0.623625746821602
SolubleMPNN,AMIE,0.38350443237853277
SolubleMPNN,CAS9,0.14113781836246134
SolubleMPNN,Q837P4,0.2507476096863144
SolubleMPNN,UBC9,0.34316632813451553
SolubleMPNN,HSP82,0.016718644086616496
SolubleMPNN,SPIKE,0.535273698400805
SolubleMPNN,HXK4,0.3223991801977228
SolubleMPNN,CCDB,0.286185739058535
SolubleMPNN,TPK1,0.19248175345064672
SolubleMPNN,FECA,0.6794112399855924
SolubleMPNN,NUSA,0.7289828336826643
SolubleMPNN,RPC1,0.00995702806000022
SolubleMPNN,CASP3,0.42327832647043373
SolubleMPNN,KCNE1,0.10393209981242124
SolubleMPNN,ILF3,0.3659397310213716
SolubleMPNN,F7YBW8,0.11087669948429443
SolubleMPNN,SCIN,0.5573872431462016
SolubleMPNN,RL20,0.5910126166272203
SolubleMPNN,REV,0.26170431034916364
SolubleMPNN,CASP7,0.5074382669292532
SolubleMPNN,CUE1,0.6005259023908299
SolubleMPNN,ERBB2,0.08382060250880874
SolubleMPNN,A4,
SolubleMPNN,DN7A,0.6232578590107108
SolubleMPNN,CBPA2,0.6436732559222714
SolubleMPNN,VG08,0.5676413765740039
SolubleMPNN,Q8WTC7,0.2424790159786355
SolubleMPNN,ESTA,0.5307100063498844
SolubleMPNN,LGK,0.33878392415679476
SolubleMPNN,SAV1,0.6065389206499131
SolubleMPNN,DLG4,0.5637409015063399
SolubleMPNN,Q59976,0.38087338240478863
SolubleMPNN,MAFG,0.5774475164046006
SolubleMPNN,A0A2Z5U3Z0,0.34979173954047377
SolubleMPNN,D7PM05,0.4468266490820611
SolubleMPNN,UBE4B,
SolubleMPNN,AACC1,0.2747137777665723
SolubleMPNN,KCNJ2,0.14571626224004197
SolubleMPNN,DYR,0.2573606910448205
SolubleMPNN,KCNJ2,0.22662498435703365
SolubleMPNN,PPM1D,0.4843708203383265
SolubleMPNN,RCRO,0.7182014380546609
SolubleMPNN,CBS,0.19495895537805216
SolubleMPNN,GFP,0.49196289642153984
SolubleMPNN,A0A247D711,0.4093755401918129
SolubleMPNN,ISDH,0.6320286329942727
SolubleMPNN,RBP1,0.5773355541687922
SolubleMPNN,CD19,0.35312639972854976
SolubleMPNN,MYO3,0.594716455679247
SolubleMPNN,PAI1,0.38487310100683625
SolubleMPNN,TADBP,0.2595568699529711
SolubleMPNN,Q53Z42,0.35361437803205864
SolubleMPNN,RL40A,0.04173953266423074
SolubleMPNN,CBX4,0.6489872569359533
SolubleMPNN,PRKN,0.675817941617057
SolubleMPNN,BRCA1,0.41921478064355855
SolubleMPNN,SRC,0.12491580545072371
SolubleMPNN,RDRP,0.20614532032155428
SolubleMPNN,RL40A,0.2783691634587811
SolubleMPNN,ACE2,0.3248745166218483
SolubleMPNN,MK01,0.032949410926587375
SolubleMPNN,THO1,0.5677948716640779
SolubleMPNN,P84126,0.2112482350268148
SolubleMPNN,S22A1,0.35017554870260065
SolubleMPNN,NPC1,0.5026684441128162
SolubleMPNN,NCAP,0.2578728967948377
SolubleMPNN,I6TAH8,0.1996824696793242
SolubleMPNN,MLAC,-0.03823911025904603
SolubleMPNN,GDIA,0.3658158282237013
SolubleMPNN,P53,0.43319382039299176
SolubleMPNN,BLAT,0.5899776862128516
SolubleMPNN,TRPC,-0.1294522177598914
SolubleMPNN,TNKS2,0.7492262153044513
SolubleMPNN,POLG,
SolubleMPNN,P53,0.3761207862546137
SolubleMPNN,SPG1,0.8022966507177034
SolubleMPNN,S22A1,0.3909131065257694
SolubleMPNN,SDA,0.7088645064711793
SolubleMPNN,RPC1,0.6728348084745888
SolubleMPNN,OTU7A,0.6689277962925902
SolubleMPNN,SRC,0.1996573048516512
SolubleMPNN,Q53Z42,0.42344576817155055
SolubleMPNN,RL40A,0.030666148205410693
SolubleMPNN,EPHB2,0.7754420315210349
SolubleMPNN,NRAM,0.46291538763088225
SolubleMPNN,KCNE1,0.02654116208416996
SolubleMPNN,CAR11,0.41086511120283487
SolubleMPNN,BLAT,0.5783397882987179
SolubleMPNN,A4D664,0.23851804887066697
SolubleMPNN,BLAT,0.5133384287735632
SolubleMPNN,PTEN,0.4835613918646884
SolubleMPNN,DOCK1,0.6823333652612679
SolubleMPNN,POLG,0.3348666708608092
SolubleMPNN,RAD,0.5924758421170624
SolubleMPNN,GLPA,0.2692506670801068
SolubleMPNN,HECD1,0.5526472392143769
SolubleMPNN,MSH2,0.24354905402610216
SolubleMPNN,SPA,0.6568397608175592
SolubleMPNN,TPMT,0.4691920225404488
SolubleMPNN,TAT,0.2897527826218084
SolubleMPNN,MTH3,0.430782721726914
SolubleMPNN,OXDA,0.26648651288306996
SolubleMPNN,SR43C,0.7153715981372354
SolubleMPNN,R1AB,0.41260580910339484
SolubleMPNN,OPSD,0.5120375070125291
SolubleMPNN,CP2C9,0.5840480016321064
SolubleMPNN,CATR,0.4411859733366489
SolubleMPNN,IF1,0.26854932449143226
SolubleMPNN,ENV,-0.12114502906967207
SolubleMPNN,HMDH,0.32374051817267496
SolubleMPNN,A0A1I9GEU1,0.045476364645801376
SolubleMPNN,SPTN1,0.674119606737537
SolubleMPNN,KKA2,0.4510731200859858
SolubleMPNN,Q6WV12,0.2553477264874714
SolubleMPNN,RD23A,0.5547402385357808
SolubleMPNN,UBR5,0.5519781870753584
SolubleMPNN,FKBP3,0.6658743917909108
SolubleMPNN,ARGR,0.7331247482204275
SolubleMPNN,SHOC2,0.26061281755918264
SolubleMPNN,ODP2,0.6728642039927907
SolubleMPNN,ENVZ,0.02433733756624308
SolubleMPNN,CP2C9,0.5335110099103727
SolubleMPNN,AICDA,0.4156335641739911
SolubleMPNN,A4GRB6,0.6581657893976379
ProstT5,POLG,0.33652677974193235
ProstT5,GCN4,0.15975935828877008
ProstT5,HCP,0.5823436428916302
ProstT5,SOX30,0.21620243927230665
ProstT5,PA,0.03175197629908898
ProstT5,SCN5A,0.04347838853703598
ProstT5,SPIKE,0.0982160656412228
ProstT5,MBD11,0.34567472769395696
ProstT5,A0A192B1T2,-0.0627093028298104
ProstT5,BBC1,0.40178236444968146
ProstT5,P53,0.3615155655827688
ProstT5,B2L11,0.1193758430795733
ProstT5,VKOR1,0.4116010344273864
ProstT5,DNJA1,0.5502176640099151
ProstT5,RS15,0.29172648360681974
ProstT5,NPC1,-0.1280737336129766
ProstT5,HIS7,0.11577875075926301
ProstT5,Q2N0S5,0.046023084055024505
ProstT5,VILI,0.6234039020129257
ProstT5,MET,0.538656374423328
ProstT5,AMFR,0.5307953002634856
ProstT5,RASH,0.3066001141801132
ProstT5,PR40A,0.5179275785056882
ProstT5,SRBS1,0.5501270201885808
ProstT5,NUD15,0.5481779069247276
ProstT5,GAL4,0.44342813748832105
ProstT5,RPC1,-0.015816741679688946
ProstT5,OBSCN,0.514995175719485
ProstT5,CSN4,0.4534882714479254
ProstT5,CAPSD,0.18737215614601221
ProstT5,ENV,
ProstT5,YAIA,0.30693962495559035
ProstT5,LYAM1,0.31083366860972217
ProstT5,PSAE,0.32492569790833686
ProstT5,CCDB,0.3754229729612007
ProstT5,SPG1,0.10589496589638671
ProstT5,PIN1,0.6157444741974734
ProstT5,CAR11,0.15339793598887286
ProstT5,PITX2,0.45694464328323553
ProstT5,ANCSZ,0.5206157626680006
ProstT5,P53,0.5337227894145753
ProstT5,HXK4,0.3004389049100016
ProstT5,BCHB,0.3863431331958028
ProstT5,F7YBW8,-0.15742057847321003
ProstT5,TRPC,0.558922871776567
ProstT5,POLG,0.08260802945996072
ProstT5,SC6A4,0.2575484558420072
ProstT5,DLG4,0.32659663986755716
ProstT5,SPG2,0.31208662293281425
ProstT5,HSP82,0.32617624098852804
ProstT5,YNZC,0.5360947410768936
ProstT5,DYR,0.41520943413522904
ProstT5,HSP82,0.13537491848712663
ProstT5,PTEN,0.44646448818170986
ProstT5,SQSTM,0.47674846645418134
ProstT5,RASK,0.28626371791568905
ProstT5,BLAT,0.37655478839271395
ProstT5,ADRB2,0.4791504375768255
ProstT5,SYUA,-0.14895169043628698
ProstT5,PPARG,0.1112144086774747
ProstT5,NUSG,0.55099872290338
ProstT5,OXDA,0.22757729628656195
ProstT5,SUMO1,0.39612215676674484
ProstT5,PKN1,0.2942706526121985
ProstT5,BRCA2,-0.08806735607626308
ProstT5,RAF1,0.2663575924516629
ProstT5,RASK,0.2618997274677471
ProstT5,UBE4B,0.4336554581954191
ProstT5,RFAH,0.3431997760382941
ProstT5,A0A2Z5U3Z0,0.05795803930723958
ProstT5,TCRG1,0.6250214400038187
ProstT5,VRPI,0.4758835358748328
ProstT5,VKOR1,0.40519564522037393
ProstT5,PHOT,0.5755344637887467
ProstT5,C6KNH7,0.0943489854324739
ProstT5,GRB2,0.5472771053759333
ProstT5,NKX31,0.49903753264240835
ProstT5,RCD1,0.32305373485772315
ProstT5,CALM1,0.247012339636373
ProstT5,SBI,0.46168040806301863
ProstT5,YAP1,0.6705763987965203
ProstT5,TPOR,0.22382445066900522
ProstT5,KCNH2,-0.3578623437390977
ProstT5,AMIE,0.3978495732031356
ProstT5,CAS9,0.037049397949520634
ProstT5,UBC9,0.2236522444575451
ProstT5,HSP82,0.06327670486297088
ProstT5,SPIKE,0.04214748694673554
ProstT5,HXK4,0.35825367730384583
ProstT5,CCDB,0.43843031372233376
ProstT5,TPK1,0.2797335600432266
ProstT5,FECA,0.5185847690236967
ProstT5,NUSA,0.4752743531085326
ProstT5,RPC1,-0.009661634311451459
ProstT5,CASP3,0.6095519738583411
ProstT5,KCNE1,0.11740990309770014
ProstT5,ILF3,0.33428785872139827
ProstT5,F7YBW8,0.19155058339864434
ProstT5,SCIN,0.2165111764895893
ProstT5,RL20,0.3540535023291676
ProstT5,REV,0.036719481902377865
ProstT5,CASP7,0.616061518193229
ProstT5,CUE1,0.49172152216664133
ProstT5,ERBB2,-0.1520207971386409
ProstT5,A4,
ProstT5,DN7A,0.3164900543662825
ProstT5,CBPA2,0.5025548202640252
ProstT5,VG08,0.3861676555512806
ProstT5,Q8WTC7,0.07266259450619744
ProstT5,ESTA,0.3025347581501293
ProstT5,LGK,0.42560657265945445
ProstT5,SAV1,0.543625123902153
ProstT5,DLG4,0.3450857244345313
ProstT5,Q59976,0.612976231133818
ProstT5,MAFG,0.34484435492299353
ProstT5,A0A2Z5U3Z0,0.12168960676395539
ProstT5,D7PM05,0.17725218024993097
ProstT5,UBE4B,
ProstT5,AACC1,0.18897011476246428
ProstT5,KCNJ2,0.3185338447012241
ProstT5,DYR,0.49330577678845894
ProstT5,KCNJ2,0.2633479952024786
ProstT5,PPM1D,0.5724767808925901
ProstT5,RCRO,0.535169454621701
ProstT5,CBS,0.3239514034774998
ProstT5,GFP,0.23923534166196692
ProstT5,A0A247D711,0.16259787304992285
ProstT5,ISDH,0.24314299695323888
ProstT5,RBP1,0.42022797503130815
ProstT5,CD19,0.0786677566189949
ProstT5,MYO3,0.4456280501103962
ProstT5,PAI1,0.36102212726296357
ProstT5,TADBP,0.3175543657864866
ProstT5,Q53Z42,0.3016061485563295
ProstT5,RL40A,0.23051958145626147
ProstT5,CBX4,0.6656683572024189
ProstT5,BRCA1,0.15544328931459991
ProstT5,RDRP,0.046498897812931615
ProstT5,RL40A,0.27058622736804394
ProstT5,ACE2,0.21076169257194668
ProstT5,MK01,0.01276273794391704
ProstT5,THO1,0.4267987793986983
ProstT5,P84126,0.5535468350496899
ProstT5,S22A1,0.46236071043626964
ProstT5,NPC1,0.07742991803538878
ProstT5,NCAP,0.03208993552099127
ProstT5,I6TAH8,-0.0020341567592805157
ProstT5,GDIA,0.17690101325486998
ProstT5,P53,0.3174110986843854
ProstT5,BLAT,0.48490579697973785
ProstT5,TRPC,0.0013208708411469234
ProstT5,TNKS2,0.4302850048942248
ProstT5,POLG,
ProstT5,P53,0.3400459878660931
ProstT5,SPG1,0.7697881066302119
ProstT5,S22A1,0.4987909056024293
ProstT5,SDA,0.6354786180511582
ProstT5,RPC1,0.6249952167482126
ProstT5,OTU7A,0.4948414805774982
ProstT5,Q53Z42,0.47122117850563106
ProstT5,RL40A,0.24599070689135705
ProstT5,EPHB2,0.5009940913444412
ProstT5,NRAM,0.06418768518906948
ProstT5,KCNE1,0.16354822175171913
ProstT5,CAR11,0.24575460700358903
ProstT5,BLAT,0.4923889423909932
ProstT5,A4D664,0.0379574694438203
ProstT5,BLAT,0.5318746318640916
ProstT5,PTEN,0.43980144363855717
ProstT5,DOCK1,0.5258896452575469
ProstT5,POLG,0.02921180966044822
ProstT5,RAD,0.2903646015891686
ProstT5,GLPA,0.22041259965823704
ProstT5,HECD1,0.7089288617825581
ProstT5,MSH2,0.28770135908888617
ProstT5,SPA,0.43240039976199524
ProstT5,TPMT,0.5403539121185709
ProstT5,TAT,-0.13800620869311991
ProstT5,MTH3,0.39738717838579496
ProstT5,OXDA,0.32945824678259955
ProstT5,SR43C,0.6061980872476459
ProstT5,R1AB,0.14522472123263902
ProstT5,OPSD,0.5004665029599976
ProstT5,CP2C9,0.6058666598337725
ProstT5,CATR,0.3304944815286788
ProstT5,IF1,0.5318122724394072
ProstT5,ENV,-0.20421454301398742
ProstT5,HMDH,-0.03236960804249708
ProstT5,A0A1I9GEU1,0.015841590449369804
ProstT5,SPTN1,0.31040516320087347
ProstT5,KKA2,0.3043135672053437
ProstT5,Q6WV12,0.027227542768105854
ProstT5,RD23A,0.5571777037947907
ProstT5,UBR5,0.5139746918023278
ProstT5,FKBP3,0.3097554023717348
ProstT5,ARGR,0.459798810721427
ProstT5,SHOC2,0.14858982654042513
ProstT5,ODP2,0.5041181885932609
ProstT5,ENVZ,0.1399101678604144
ProstT5,CP2C9,0.5286171398473369
ProstT5,A4GRB6,0.6592406472431755
